exp,sample,dpi,synID,comID,syncom,strain,taxa,channel,cfu
e1,1,07dpi,C,Com01,C.01,meL85,Methylobacterium,C0,8.80E+06
e1,2,07dpi,C,Com01,C.01,meL85,Methylobacterium,C0,1.54E+07
e1,3,07dpi,C,Com01,C.01,meL85,Methylobacterium,C0,1.99E+07
e1,4,07dpi,C,Com01,C.01,meL85,Methylobacterium,C0,9.04E+06
e2,1,07dpi,C,Com01,C.01,meL85,Methylobacterium,C0,7.69E+05
e2,2,07dpi,C,Com01,C.01,meL85,Methylobacterium,C0,2.66E+06
e2,3,07dpi,C,Com01,C.01,meL85,Methylobacterium,C0,1.62E+06
e2,4,07dpi,C,Com01,C.01,meL85,Methylobacterium,C0,2.56E+06
e1,1,07dpi,C,Com01,C.01,meL85,Methylobacterium,C1,8.35E+06
e1,2,07dpi,C,Com01,C.01,meL85,Methylobacterium,C1,5.76E+06
e1,3,07dpi,C,Com01,C.01,meL85,Methylobacterium,C1,2.39E+07
e1,4,07dpi,C,Com01,C.01,meL85,Methylobacterium,C1,1.45E+07
e2,1,07dpi,C,Com01,C.01,meL85,Methylobacterium,C1,1.11E+06
e2,2,07dpi,C,Com01,C.01,meL85,Methylobacterium,C1,4.97E+06
e2,3,07dpi,C,Com01,C.01,meL85,Methylobacterium,C1,5.31E+06
e2,4,07dpi,C,Com01,C.01,meL85,Methylobacterium,C1,3.70E+06
e1,1,14dpi,C,Com01,C.01,meL85,Methylobacterium,C0,6.83E+06
e1,2,14dpi,C,Com01,C.01,meL85,Methylobacterium,C0,1.62E+07
e1,3,14dpi,C,Com01,C.01,meL85,Methylobacterium,C0,6.04E+06
e1,4,14dpi,C,Com01,C.01,meL85,Methylobacterium,C0,8.61E+06
e2,1,14dpi,C,Com01,C.01,meL85,Methylobacterium,C0,2.98E+07
e2,2,14dpi,C,Com01,C.01,meL85,Methylobacterium,C0,3.44E+07
e2,3,14dpi,C,Com01,C.01,meL85,Methylobacterium,C0,2.83E+07
e2,4,14dpi,C,Com01,C.01,meL85,Methylobacterium,C0,3.21E+07
e1,1,14dpi,C,Com01,C.01,meL85,Methylobacterium,C1,9.10E+06
e1,2,14dpi,C,Com01,C.01,meL85,Methylobacterium,C1,7.35E+06
e1,3,14dpi,C,Com01,C.01,meL85,Methylobacterium,C1,5.91E+06
e1,4,14dpi,C,Com01,C.01,meL85,Methylobacterium,C1,7.53E+06
e2,1,14dpi,C,Com01,C.01,meL85,Methylobacterium,C1,4.03E+07
e2,2,14dpi,C,Com01,C.01,meL85,Methylobacterium,C1,3.44E+07
e2,3,14dpi,C,Com01,C.01,meL85,Methylobacterium,C1,4.45E+07
e2,4,14dpi,C,Com01,C.01,meL85,Methylobacterium,C1,3.60E+07
e1,1,07dpi,S2,Com02,S2.02,meL85,Methylobacterium,C0,1.55E+06
e1,2,07dpi,S2,Com02,S2.02,meL85,Methylobacterium,C0,2.33E+06
e1,3,07dpi,S2,Com02,S2.02,meL85,Methylobacterium,C0,2.36E+06
e1,4,07dpi,S2,Com02,S2.02,meL85,Methylobacterium,C0,1.79E+06
e2,1,07dpi,S2,Com02,S2.02,meL85,Methylobacterium,C0,1.63E+06
e2,2,07dpi,S2,Com02,S2.02,meL85,Methylobacterium,C0,1.49E+06
e2,3,07dpi,S2,Com02,S2.02,meL85,Methylobacterium,C0,5.73E+06
e2,4,07dpi,S2,Com02,S2.02,meL85,Methylobacterium,C0,1.83E+07
e1,1,14dpi,S2,Com02,S2.02,meL85,Methylobacterium,C0,3.12E+06
e1,2,14dpi,S2,Com02,S2.02,meL85,Methylobacterium,C0,2.48E+06
e1,3,14dpi,S2,Com02,S2.02,meL85,Methylobacterium,C0,3.80E+06
e1,4,14dpi,S2,Com02,S2.02,meL85,Methylobacterium,C0,2.96E+06
e2,1,14dpi,S2,Com02,S2.02,meL85,Methylobacterium,C0,9.84E+06
e2,2,14dpi,S2,Com02,S2.02,meL85,Methylobacterium,C0,7.38E+06
e2,3,14dpi,S2,Com02,S2.02,meL85,Methylobacterium,C0,6.05E+06
e2,4,14dpi,S2,Com02,S2.02,meL85,Methylobacterium,C0,5.61E+06
e1,1,07dpi,S2,Com03,S2.03,meL85,Methylobacterium,C0,8.24E+06
e1,2,07dpi,S2,Com03,S2.03,meL85,Methylobacterium,C0,1.03E+07
e1,3,07dpi,S2,Com03,S2.03,meL85,Methylobacterium,C0,1.36E+07
e1,4,07dpi,S2,Com03,S2.03,meL85,Methylobacterium,C0,1.01E+07
e2,1,07dpi,S2,Com03,S2.03,meL85,Methylobacterium,C0,2.21E+05
e2,2,07dpi,S2,Com03,S2.03,meL85,Methylobacterium,C0,1.72E+06
e2,3,07dpi,S2,Com03,S2.03,meL85,Methylobacterium,C0,1.52E+05
e2,4,07dpi,S2,Com03,S2.03,meL85,Methylobacterium,C0,3.95E+05
e1,1,14dpi,S2,Com03,S2.03,meL85,Methylobacterium,C0,3.16E+06
e1,2,14dpi,S2,Com03,S2.03,meL85,Methylobacterium,C0,3.98E+06
e1,3,14dpi,S2,Com03,S2.03,meL85,Methylobacterium,C0,7.54E+06
e1,4,14dpi,S2,Com03,S2.03,meL85,Methylobacterium,C0,2.84E+06
e2,1,14dpi,S2,Com03,S2.03,meL85,Methylobacterium,C0,1.17E+07
e2,2,14dpi,S2,Com03,S2.03,meL85,Methylobacterium,C0,8.39E+06
e2,3,14dpi,S2,Com03,S2.03,meL85,Methylobacterium,C0,3.18E+06
e2,4,14dpi,S2,Com03,S2.03,meL85,Methylobacterium,C0,5.96E+06
e1,1,07dpi,S2,Com08,S2.08,meL85,Methylobacterium,C0,1.75E+07
e1,2,07dpi,S2,Com08,S2.08,meL85,Methylobacterium,C0,1.58E+07
e1,3,07dpi,S2,Com08,S2.08,meL85,Methylobacterium,C0,2.16E+06
e1,4,07dpi,S2,Com08,S2.08,meL85,Methylobacterium,C0,8.61E+06
e2,1,07dpi,S2,Com08,S2.08,meL85,Methylobacterium,C0,6.17E+06
e2,2,07dpi,S2,Com08,S2.08,meL85,Methylobacterium,C0,8.31E+06
e2,3,07dpi,S2,Com08,S2.08,meL85,Methylobacterium,C0,9.78E+06
e2,4,07dpi,S2,Com08,S2.08,meL85,Methylobacterium,C0,1.25E+07
e1,1,14dpi,S2,Com08,S2.08,meL85,Methylobacterium,C0,2.79E+07
e1,2,14dpi,S2,Com08,S2.08,meL85,Methylobacterium,C0,2.05E+07
e1,3,14dpi,S2,Com08,S2.08,meL85,Methylobacterium,C0,2.30E+07
e1,4,14dpi,S2,Com08,S2.08,meL85,Methylobacterium,C0,1.09E+07
e1,1,07dpi,S2,Com12,S2.12,meL85,Methylobacterium,C0,1.30E+07
e1,2,07dpi,S2,Com12,S2.12,meL85,Methylobacterium,C0,3.95E+06
e1,3,07dpi,S2,Com12,S2.12,meL85,Methylobacterium,C0,9.91E+06
e1,4,07dpi,S2,Com12,S2.12,meL85,Methylobacterium,C0,1.61E+07
e2,1,07dpi,S2,Com12,S2.12,meL85,Methylobacterium,C0,5.51E+06
e2,2,07dpi,S2,Com12,S2.12,meL85,Methylobacterium,C0,9.68E+06
e2,3,07dpi,S2,Com12,S2.12,meL85,Methylobacterium,C0,6.06E+06
e2,4,07dpi,S2,Com12,S2.12,meL85,Methylobacterium,C0,1.05E+06
e1,1,14dpi,S2,Com12,S2.12,meL85,Methylobacterium,C0,8.70E+07
e1,2,14dpi,S2,Com12,S2.12,meL85,Methylobacterium,C0,7.04E+07
e1,3,14dpi,S2,Com12,S2.12,meL85,Methylobacterium,C0,2.92E+07
e1,4,14dpi,S2,Com12,S2.12,meL85,Methylobacterium,C0,4.93E+07
e1,1,07dpi,S2,Com03,S2.03,meL92,Methylobacterium,C1,8.37E+06
e1,2,07dpi,S2,Com03,S2.03,meL92,Methylobacterium,C1,1.72E+07
e1,3,07dpi,S2,Com03,S2.03,meL92,Methylobacterium,C1,1.30E+07
e1,4,07dpi,S2,Com03,S2.03,meL92,Methylobacterium,C1,1.01E+07
e2,1,07dpi,S2,Com03,S2.03,meL92,Methylobacterium,C1,8.85E+06
e2,2,07dpi,S2,Com03,S2.03,meL92,Methylobacterium,C1,9.47E+06
e2,3,07dpi,S2,Com03,S2.03,meL92,Methylobacterium,C1,6.83E+06
e2,4,07dpi,S2,Com03,S2.03,meL92,Methylobacterium,C1,1.07E+07
e1,1,14dpi,S2,Com03,S2.03,meL92,Methylobacterium,C1,1.52E+06
e1,2,14dpi,S2,Com03,S2.03,meL92,Methylobacterium,C1,4.64E+06
e1,3,14dpi,S2,Com03,S2.03,meL92,Methylobacterium,C1,5.03E+06
e1,4,14dpi,S2,Com03,S2.03,meL92,Methylobacterium,C1,3.40E+06
e2,1,14dpi,S2,Com03,S2.03,meL92,Methylobacterium,C1,2.51E+08
e2,2,14dpi,S2,Com03,S2.03,meL92,Methylobacterium,C1,1.68E+08
e2,3,14dpi,S2,Com03,S2.03,meL92,Methylobacterium,C1,1.74E+08
e2,4,14dpi,S2,Com03,S2.03,meL92,Methylobacterium,C1,6.16E+07
e1,1,07dpi,C,Com04,C.04,meL92,Methylobacterium,C0,3.15E+07
e1,2,07dpi,C,Com04,C.04,meL92,Methylobacterium,C0,2.93E+07
e1,3,07dpi,C,Com04,C.04,meL92,Methylobacterium,C0,1.60E+07
e1,4,07dpi,C,Com04,C.04,meL92,Methylobacterium,C0,4.07E+06
e2,1,07dpi,C,Com04,C.04,meL92,Methylobacterium,C0,4.51E+07
e2,2,07dpi,C,Com04,C.04,meL92,Methylobacterium,C0,3.56E+07
e2,3,07dpi,C,Com04,C.04,meL92,Methylobacterium,C0,2.89E+07
e2,4,07dpi,C,Com04,C.04,meL92,Methylobacterium,C0,7.98E+06
e1,1,07dpi,C,Com04,C.04,meL92,Methylobacterium,C1,1.67E+07
e1,2,07dpi,C,Com04,C.04,meL92,Methylobacterium,C1,2.60E+07
e1,3,07dpi,C,Com04,C.04,meL92,Methylobacterium,C1,1.02E+07
e1,4,07dpi,C,Com04,C.04,meL92,Methylobacterium,C1,3.00E+06
e2,1,07dpi,C,Com04,C.04,meL92,Methylobacterium,C1,7.40E+07
e2,2,07dpi,C,Com04,C.04,meL92,Methylobacterium,C1,3.09E+07
e2,3,07dpi,C,Com04,C.04,meL92,Methylobacterium,C1,3.78E+07
e2,4,07dpi,C,Com04,C.04,meL92,Methylobacterium,C1,7.98E+06
e1,1,14dpi,C,Com04,C.04,meL92,Methylobacterium,C0,2.48E+06
e1,2,14dpi,C,Com04,C.04,meL92,Methylobacterium,C0,5.72E+06
e1,3,14dpi,C,Com04,C.04,meL92,Methylobacterium,C0,3.30E+06
e1,4,14dpi,C,Com04,C.04,meL92,Methylobacterium,C0,1.21E+07
e2,1,14dpi,C,Com04,C.04,meL92,Methylobacterium,C0,2.39E+07
e2,2,14dpi,C,Com04,C.04,meL92,Methylobacterium,C0,6.49E+07
e2,3,14dpi,C,Com04,C.04,meL92,Methylobacterium,C0,7.27E+07
e2,4,14dpi,C,Com04,C.04,meL92,Methylobacterium,C0,4.39E+07
e1,1,14dpi,C,Com04,C.04,meL92,Methylobacterium,C1,7.91E+05
e1,2,14dpi,C,Com04,C.04,meL92,Methylobacterium,C1,4.29E+06
e1,3,14dpi,C,Com04,C.04,meL92,Methylobacterium,C1,1.65E+06
e1,4,14dpi,C,Com04,C.04,meL92,Methylobacterium,C1,3.23E+06
e2,1,14dpi,C,Com04,C.04,meL92,Methylobacterium,C1,3.85E+07
e2,2,14dpi,C,Com04,C.04,meL92,Methylobacterium,C1,3.18E+07
e2,3,14dpi,C,Com04,C.04,meL92,Methylobacterium,C1,3.80E+07
e2,4,14dpi,C,Com04,C.04,meL92,Methylobacterium,C1,3.56E+07
e1,1,07dpi,S2,Com05,S2.05,meL92,Methylobacterium,C0,2.94E+06
e1,2,07dpi,S2,Com05,S2.05,meL92,Methylobacterium,C0,7.61E+06
e1,3,07dpi,S2,Com05,S2.05,meL92,Methylobacterium,C0,6.57E+06
e1,4,07dpi,S2,Com05,S2.05,meL92,Methylobacterium,C0,1.00E+07
e2,1,07dpi,S2,Com05,S2.05,meL92,Methylobacterium,C0,3.34E+07
e2,2,07dpi,S2,Com05,S2.05,meL92,Methylobacterium,C0,2.00E+07
e2,3,07dpi,S2,Com05,S2.05,meL92,Methylobacterium,C0,2.91E+07
e2,4,07dpi,S2,Com05,S2.05,meL92,Methylobacterium,C0,1.86E+07
e1,1,14dpi,S2,Com05,S2.05,meL92,Methylobacterium,C0,3.73E+07
e1,2,14dpi,S2,Com05,S2.05,meL92,Methylobacterium,C0,3.87E+07
e1,3,14dpi,S2,Com05,S2.05,meL92,Methylobacterium,C0,1.75E+07
e1,4,14dpi,S2,Com05,S2.05,meL92,Methylobacterium,C0,2.12E+06
e2,1,14dpi,S2,Com05,S2.05,meL92,Methylobacterium,C0,7.17E+07
e2,2,14dpi,S2,Com05,S2.05,meL92,Methylobacterium,C0,1.79E+08
e2,3,14dpi,S2,Com05,S2.05,meL92,Methylobacterium,C0,1.56E+08
e2,4,14dpi,S2,Com05,S2.05,meL92,Methylobacterium,C0,1.00E+08
e1,1,07dpi,S2,Com06,S2.06,meL92,Methylobacterium,C0,1.04E+07
e1,2,07dpi,S2,Com06,S2.06,meL92,Methylobacterium,C0,8.76E+06
e1,3,07dpi,S2,Com06,S2.06,meL92,Methylobacterium,C0,5.26E+06
e1,4,07dpi,S2,Com06,S2.06,meL92,Methylobacterium,C0,1.58E+07
e2,1,07dpi,S2,Com06,S2.06,meL92,Methylobacterium,C1,4.95E+06
e2,2,07dpi,S2,Com06,S2.06,meL92,Methylobacterium,C1,7.69E+06
e2,3,07dpi,S2,Com06,S2.06,meL92,Methylobacterium,C1,1.24E+07
e2,4,07dpi,S2,Com06,S2.06,meL92,Methylobacterium,C1,7.39E+06
e1,1,14dpi,S2,Com06,S2.06,meL92,Methylobacterium,C0,6.80E+07
e1,2,14dpi,S2,Com06,S2.06,meL92,Methylobacterium,C0,2.67E+08
e1,3,14dpi,S2,Com06,S2.06,meL92,Methylobacterium,C0,2.28E+08
e1,4,14dpi,S2,Com06,S2.06,meL92,Methylobacterium,C0,1.03E+08
e2,1,14dpi,S2,Com06,S2.06,meL92,Methylobacterium,C1,3.84E+06
e2,2,14dpi,S2,Com06,S2.06,meL92,Methylobacterium,C1,1.76E+06
e2,3,14dpi,S2,Com06,S2.06,meL92,Methylobacterium,C1,3.04E+06
e2,4,14dpi,S2,Com06,S2.06,meL92,Methylobacterium,C1,7.07E+06
e1,1,07dpi,S2,Com15,S2.15,meL92,Methylobacterium,C0,5.77E+06
e1,2,07dpi,S2,Com15,S2.15,meL92,Methylobacterium,C0,1.46E+07
e1,3,07dpi,S2,Com15,S2.15,meL92,Methylobacterium,C0,2.53E+06
e1,4,07dpi,S2,Com15,S2.15,meL92,Methylobacterium,C0,5.70E+06
e2,1,07dpi,S2,Com15,S2.15,meL92,Methylobacterium,C0,8.50E+06
e2,2,07dpi,S2,Com15,S2.15,meL92,Methylobacterium,C0,4.08E+06
e2,3,07dpi,S2,Com15,S2.15,meL92,Methylobacterium,C0,7.77E+06
e2,4,07dpi,S2,Com15,S2.15,meL92,Methylobacterium,C0,1.00E+07
e1,1,14dpi,S2,Com15,S2.15,meL92,Methylobacterium,C0,8.33E+07
e1,2,14dpi,S2,Com15,S2.15,meL92,Methylobacterium,C0,7.57E+07
e1,3,14dpi,S2,Com15,S2.15,meL92,Methylobacterium,C0,3.49E+07
e1,4,14dpi,S2,Com15,S2.15,meL92,Methylobacterium,C0,6.69E+07
e2,1,14dpi,S2,Com15,S2.15,meL92,Methylobacterium,C0,1.32E+08
e2,2,14dpi,S2,Com15,S2.15,meL92,Methylobacterium,C0,1.31E+08
e2,3,14dpi,S2,Com15,S2.15,meL92,Methylobacterium,C0,1.69E+08
e2,4,14dpi,S2,Com15,S2.15,meL92,Methylobacterium,C0,8.39E+07
e1,1,07dpi,S2,Com02,S2.02,mr01,Methylobacterium,C1,2.14E+07
e1,2,07dpi,S2,Com02,S2.02,mr01,Methylobacterium,C1,3.49E+07
e1,3,07dpi,S2,Com02,S2.02,mr01,Methylobacterium,C1,2.36E+07
e1,4,07dpi,S2,Com02,S2.02,mr01,Methylobacterium,C1,4.55E+07
e2,1,07dpi,S2,Com02,S2.02,mr01,Methylobacterium,C1,2.44E+07
e2,2,07dpi,S2,Com02,S2.02,mr01,Methylobacterium,C1,1.29E+07
e2,3,07dpi,S2,Com02,S2.02,mr01,Methylobacterium,C1,3.82E+07
e2,4,07dpi,S2,Com02,S2.02,mr01,Methylobacterium,C1,7.37E+07
e1,1,14dpi,S2,Com02,S2.02,mr01,Methylobacterium,C1,8.87E+07
e1,2,14dpi,S2,Com02,S2.02,mr01,Methylobacterium,C1,7.29E+07
e1,3,14dpi,S2,Com02,S2.02,mr01,Methylobacterium,C1,5.38E+07
e1,4,14dpi,S2,Com02,S2.02,mr01,Methylobacterium,C1,7.11E+07
e2,1,14dpi,S2,Com02,S2.02,mr01,Methylobacterium,C1,1.29E+08
e2,2,14dpi,S2,Com02,S2.02,mr01,Methylobacterium,C1,5.95E+07
e2,3,14dpi,S2,Com02,S2.02,mr01,Methylobacterium,C1,7.21E+07
e2,4,14dpi,S2,Com02,S2.02,mr01,Methylobacterium,C1,7.90E+07
e1,1,07dpi,S2,Com05,S2.05,mr01,Methylobacterium,C1,1.62E+07
e1,2,07dpi,S2,Com05,S2.05,mr01,Methylobacterium,C1,2.77E+07
e1,3,07dpi,S2,Com05,S2.05,mr01,Methylobacterium,C1,3.01E+07
e1,4,07dpi,S2,Com05,S2.05,mr01,Methylobacterium,C1,1.86E+07
e2,1,07dpi,S2,Com05,S2.05,mr01,Methylobacterium,C1,3.34E+07
e2,2,07dpi,S2,Com05,S2.05,mr01,Methylobacterium,C1,1.11E+07
e2,3,07dpi,S2,Com05,S2.05,mr01,Methylobacterium,C1,1.37E+07
e2,4,07dpi,S2,Com05,S2.05,mr01,Methylobacterium,C1,1.11E+07
e1,1,14dpi,S2,Com05,S2.05,mr01,Methylobacterium,C1,1.89E+08
e1,2,14dpi,S2,Com05,S2.05,mr01,Methylobacterium,C1,1.18E+08
e1,3,14dpi,S2,Com05,S2.05,mr01,Methylobacterium,C1,7.99E+07
e1,4,14dpi,S2,Com05,S2.05,mr01,Methylobacterium,C1,1.79E+08
e2,1,14dpi,S2,Com05,S2.05,mr01,Methylobacterium,C1,6.54E+07
e2,2,14dpi,S2,Com05,S2.05,mr01,Methylobacterium,C1,1.24E+08
e2,3,14dpi,S2,Com05,S2.05,mr01,Methylobacterium,C1,9.73E+07
e2,4,14dpi,S2,Com05,S2.05,mr01,Methylobacterium,C1,8.91E+07
e1,1,07dpi,C,Com07,C.07,mr01,Methylobacterium,C0,2.82E+07
e1,2,07dpi,C,Com07,C.07,mr01,Methylobacterium,C0,8.41E+06
e1,3,07dpi,C,Com07,C.07,mr01,Methylobacterium,C0,6.13E+05
e1,4,07dpi,C,Com07,C.07,mr01,Methylobacterium,C0,9.52E+06
e2,1,07dpi,C,Com07,C.07,mr01,Methylobacterium,C0,3.19E+07
e2,2,07dpi,C,Com07,C.07,mr01,Methylobacterium,C0,3.82E+07
e2,3,07dpi,C,Com07,C.07,mr01,Methylobacterium,C0,3.02E+07
e2,4,07dpi,C,Com07,C.07,mr01,Methylobacterium,C0,4.93E+07
e1,1,07dpi,C,Com07,C.07,mr01,Methylobacterium,C1,1.54E+07
e1,2,07dpi,C,Com07,C.07,mr01,Methylobacterium,C1,4.09E+06
e1,3,07dpi,C,Com07,C.07,mr01,Methylobacterium,C1,3.85E+05
e1,4,07dpi,C,Com07,C.07,mr01,Methylobacterium,C1,1.16E+07
e2,1,07dpi,C,Com07,C.07,mr01,Methylobacterium,C1,1.92E+07
e2,2,07dpi,C,Com07,C.07,mr01,Methylobacterium,C1,4.46E+07
e2,3,07dpi,C,Com07,C.07,mr01,Methylobacterium,C1,1.66E+07
e2,4,07dpi,C,Com07,C.07,mr01,Methylobacterium,C1,4.04E+07
e1,1,14dpi,C,Com07,C.07,mr01,Methylobacterium,C0,5.56E+07
e1,2,14dpi,C,Com07,C.07,mr01,Methylobacterium,C0,3.87E+07
e1,3,14dpi,C,Com07,C.07,mr01,Methylobacterium,C0,1.42E+07
e1,4,14dpi,C,Com07,C.07,mr01,Methylobacterium,C0,1.77E+07
e1,1,14dpi,C,Com07,C.07,mr01,Methylobacterium,C1,3.91E+07
e1,2,14dpi,C,Com07,C.07,mr01,Methylobacterium,C1,2.52E+07
e1,3,14dpi,C,Com07,C.07,mr01,Methylobacterium,C1,1.22E+07
e1,4,14dpi,C,Com07,C.07,mr01,Methylobacterium,C1,1.63E+07
e1,1,07dpi,S2,Com09,S2.09,mr01,Methylobacterium,C0,3.06E+07
e1,2,07dpi,S2,Com09,S2.09,mr01,Methylobacterium,C0,6.56E+07
e1,3,07dpi,S2,Com09,S2.09,mr01,Methylobacterium,C0,6.02E+07
e1,4,07dpi,S2,Com09,S2.09,mr01,Methylobacterium,C0,6.70E+07
e2,1,07dpi,S2,Com09,S2.09,mr01,Methylobacterium,C0,5.93E+07
e2,2,07dpi,S2,Com09,S2.09,mr01,Methylobacterium,C0,4.85E+07
e2,3,07dpi,S2,Com09,S2.09,mr01,Methylobacterium,C0,1.38E+08
e2,4,07dpi,S2,Com09,S2.09,mr01,Methylobacterium,C0,5.67E+07
e1,1,14dpi,S2,Com09,S2.09,mr01,Methylobacterium,C0,6.14E+07
e1,2,14dpi,S2,Com09,S2.09,mr01,Methylobacterium,C0,6.71E+07
e1,3,14dpi,S2,Com09,S2.09,mr01,Methylobacterium,C0,3.74E+07
e1,4,14dpi,S2,Com09,S2.09,mr01,Methylobacterium,C0,4.38E+07
e1,1,07dpi,S2,Com14,S2.14,mr01,Methylobacterium,C0,3.34E+07
e1,2,07dpi,S2,Com14,S2.14,mr01,Methylobacterium,C0,2.00E+07
e1,3,07dpi,S2,Com14,S2.14,mr01,Methylobacterium,C0,1.04E+07
e1,4,07dpi,S2,Com14,S2.14,mr01,Methylobacterium,C0,1.46E+07
e2,1,07dpi,S2,Com14,S2.14,mr01,Methylobacterium,C0,1.27E+07
e2,2,07dpi,S2,Com14,S2.14,mr01,Methylobacterium,C0,1.30E+07
e2,3,07dpi,S2,Com14,S2.14,mr01,Methylobacterium,C0,2.23E+07
e2,4,07dpi,S2,Com14,S2.14,mr01,Methylobacterium,C0,4.81E+07
e1,1,14dpi,S2,Com14,S2.14,mr01,Methylobacterium,C0,2.06E+09
e1,2,14dpi,S2,Com14,S2.14,mr01,Methylobacterium,C0,1.60E+08
e1,3,14dpi,S2,Com14,S2.14,mr01,Methylobacterium,C0,1.60E+08
e1,4,14dpi,S2,Com14,S2.14,mr01,Methylobacterium,C0,9.02E+07
e2,1,14dpi,S2,Com14,S2.14,mr01,Methylobacterium,C0,1.28E+08
e2,2,14dpi,S2,Com14,S2.14,mr01,Methylobacterium,C0,9.79E+07
e2,3,14dpi,S2,Com14,S2.14,mr01,Methylobacterium,C0,2.38E+08
e2,4,14dpi,S2,Com14,S2.14,mr01,Methylobacterium,C0,9.17E+07
e1,1,07dpi,S2,Com06,S2.06,smfr1,Sphingomonas,C0,2.15E+07
e1,2,07dpi,S2,Com06,S2.06,smfr1,Sphingomonas,C0,8.36E+06
e1,3,07dpi,S2,Com06,S2.06,smfr1,Sphingomonas,C0,6.05E+07
e1,4,07dpi,S2,Com06,S2.06,smfr1,Sphingomonas,C0,4.36E+07
e2,1,07dpi,S2,Com06,S2.06,smfr1,Sphingomonas,C1,2.89E+08
e2,2,07dpi,S2,Com06,S2.06,smfr1,Sphingomonas,C1,4.90E+07
e2,3,07dpi,S2,Com06,S2.06,smfr1,Sphingomonas,C1,1.19E+08
e2,4,07dpi,S2,Com06,S2.06,smfr1,Sphingomonas,C1,2.83E+08
e1,1,14dpi,S2,Com06,S2.06,smfr1,Sphingomonas,C0,2.05E+07
e1,2,14dpi,S2,Com06,S2.06,smfr1,Sphingomonas,C0,3.71E+06
e1,3,14dpi,S2,Com06,S2.06,smfr1,Sphingomonas,C0,4.06E+06
e1,4,14dpi,S2,Com06,S2.06,smfr1,Sphingomonas,C0,2.53E+07
e2,1,14dpi,S2,Com06,S2.06,smfr1,Sphingomonas,C1,4.90E+08
e2,2,14dpi,S2,Com06,S2.06,smfr1,Sphingomonas,C1,3.29E+08
e2,3,14dpi,S2,Com06,S2.06,smfr1,Sphingomonas,C1,2.10E+08
e2,4,14dpi,S2,Com06,S2.06,smfr1,Sphingomonas,C1,9.02E+07
e1,1,07dpi,S2,Com08,S2.08,smfr1,Sphingomonas,C1,1.05E+08
e1,2,07dpi,S2,Com08,S2.08,smfr1,Sphingomonas,C1,8.68E+07
e1,3,07dpi,S2,Com08,S2.08,smfr1,Sphingomonas,C1,4.86E+07
e1,4,07dpi,S2,Com08,S2.08,smfr1,Sphingomonas,C1,4.72E+07
e2,1,07dpi,S2,Com08,S2.08,smfr1,Sphingomonas,C1,5.24E+07
e2,2,07dpi,S2,Com08,S2.08,smfr1,Sphingomonas,C1,7.62E+07
e2,3,07dpi,S2,Com08,S2.08,smfr1,Sphingomonas,C1,1.04E+08
e2,4,07dpi,S2,Com08,S2.08,smfr1,Sphingomonas,C1,8.97E+07
e1,1,14dpi,S2,Com08,S2.08,smfr1,Sphingomonas,C1,1.07E+08
e1,2,14dpi,S2,Com08,S2.08,smfr1,Sphingomonas,C1,1.21E+08
e1,3,14dpi,S2,Com08,S2.08,smfr1,Sphingomonas,C1,3.10E+07
e1,4,14dpi,S2,Com08,S2.08,smfr1,Sphingomonas,C1,5.92E+07
e1,1,07dpi,S2,Com09,S2.09,smfr1,Sphingomonas,C1,2.81E+07
e1,2,07dpi,S2,Com09,S2.09,smfr1,Sphingomonas,C1,3.06E+07
e1,3,07dpi,S2,Com09,S2.09,smfr1,Sphingomonas,C1,4.33E+07
e1,4,07dpi,S2,Com09,S2.09,smfr1,Sphingomonas,C1,4.76E+07
e2,1,07dpi,S2,Com09,S2.09,smfr1,Sphingomonas,C1,4.94E+07
e2,2,07dpi,S2,Com09,S2.09,smfr1,Sphingomonas,C1,4.39E+07
e2,3,07dpi,S2,Com09,S2.09,smfr1,Sphingomonas,C1,4.07E+07
e2,4,07dpi,S2,Com09,S2.09,smfr1,Sphingomonas,C1,5.07E+07
e1,1,14dpi,S2,Com09,S2.09,smfr1,Sphingomonas,C1,9.39E+07
e1,2,14dpi,S2,Com09,S2.09,smfr1,Sphingomonas,C1,1.42E+08
e1,3,14dpi,S2,Com09,S2.09,smfr1,Sphingomonas,C1,1.87E+08
e1,4,14dpi,S2,Com09,S2.09,smfr1,Sphingomonas,C1,2.67E+07
e1,1,07dpi,C,Com10,C.10,smfr1,Sphingomonas,C0,4.13E+07
e1,2,07dpi,C,Com10,C.10,smfr1,Sphingomonas,C0,5.41E+07
e1,3,07dpi,C,Com10,C.10,smfr1,Sphingomonas,C0,2.38E+07
e1,4,07dpi,C,Com10,C.10,smfr1,Sphingomonas,C0,4.18E+07
e2,1,07dpi,C,Com10,C.10,smfr1,Sphingomonas,C0,1.20E+06
e2,2,07dpi,C,Com10,C.10,smfr1,Sphingomonas,C0,1.80E+06
e2,3,07dpi,C,Com10,C.10,smfr1,Sphingomonas,C0,2.40E+06
e2,4,07dpi,C,Com10,C.10,smfr1,Sphingomonas,C0,3.20E+06
e1,1,07dpi,C,Com10,C.10,smfr1,Sphingomonas,C1,9.71E+06
e1,2,07dpi,C,Com10,C.10,smfr1,Sphingomonas,C1,8.73E+06
e1,3,07dpi,C,Com10,C.10,smfr1,Sphingomonas,C1,3.52E+06
e1,4,07dpi,C,Com10,C.10,smfr1,Sphingomonas,C1,3.32E+06
e2,1,07dpi,C,Com10,C.10,smfr1,Sphingomonas,C1,2.60E+06
e2,2,07dpi,C,Com10,C.10,smfr1,Sphingomonas,C1,2.20E+06
e2,3,07dpi,C,Com10,C.10,smfr1,Sphingomonas,C1,3.00E+06
e2,4,07dpi,C,Com10,C.10,smfr1,Sphingomonas,C1,3.20E+06
e1,1,14dpi,C,Com10,C.10,smfr1,Sphingomonas,C0,2.05E+07
e1,2,14dpi,C,Com10,C.10,smfr1,Sphingomonas,C0,4.70E+07
e1,3,14dpi,C,Com10,C.10,smfr1,Sphingomonas,C0,2.66E+07
e1,4,14dpi,C,Com10,C.10,smfr1,Sphingomonas,C0,1.61E+07
e2,1,14dpi,C,Com10,C.10,smfr1,Sphingomonas,C0,6.20E+06
e2,2,14dpi,C,Com10,C.10,smfr1,Sphingomonas,C0,1.20E+07
e2,3,14dpi,C,Com10,C.10,smfr1,Sphingomonas,C0,3.80E+06
e2,4,14dpi,C,Com10,C.10,smfr1,Sphingomonas,C0,8.00E+06
e1,1,14dpi,C,Com10,C.10,smfr1,Sphingomonas,C1,7.96E+05
e1,2,14dpi,C,Com10,C.10,smfr1,Sphingomonas,C1,1.76E+06
e1,3,14dpi,C,Com10,C.10,smfr1,Sphingomonas,C1,1.21E+05
e1,4,14dpi,C,Com10,C.10,smfr1,Sphingomonas,C1,5.38E+04
e2,1,14dpi,C,Com10,C.10,smfr1,Sphingomonas,C1,2.20E+07
e2,2,14dpi,C,Com10,C.10,smfr1,Sphingomonas,C1,2.60E+07
e2,3,14dpi,C,Com10,C.10,smfr1,Sphingomonas,C1,1.20E+07
e2,4,14dpi,C,Com10,C.10,smfr1,Sphingomonas,C1,1.40E+07
e1,1,07dpi,S2,Com11,S2.11,smfr1,Sphingomonas,C1,3.37E+07
e1,2,07dpi,S2,Com11,S2.11,smfr1,Sphingomonas,C1,9.54E+07
e1,3,07dpi,S2,Com11,S2.11,smfr1,Sphingomonas,C1,4.66E+07
e1,4,07dpi,S2,Com11,S2.11,smfr1,Sphingomonas,C1,6.77E+07
e2,1,07dpi,S2,Com11,S2.11,smfr1,Sphingomonas,C1,3.84E+07
e2,2,07dpi,S2,Com11,S2.11,smfr1,Sphingomonas,C1,2.78E+07
e2,3,07dpi,S2,Com11,S2.11,smfr1,Sphingomonas,C1,1.52E+07
e2,4,07dpi,S2,Com11,S2.11,smfr1,Sphingomonas,C1,5.52E+07
e1,1,14dpi,S2,Com11,S2.11,smfr1,Sphingomonas,C1,5.42E+07
e1,2,14dpi,S2,Com11,S2.11,smfr1,Sphingomonas,C1,2.90E+07
e1,3,14dpi,S2,Com11,S2.11,smfr1,Sphingomonas,C1,2.60E+07
e1,4,14dpi,S2,Com11,S2.11,smfr1,Sphingomonas,C1,5.07E+07
e1,1,07dpi,S2,Com11,S2.11,spfa2,Sphingomonas,C0,6.30E+07
e1,2,07dpi,S2,Com11,S2.11,spfa2,Sphingomonas,C0,1.41E+08
e1,3,07dpi,S2,Com11,S2.11,spfa2,Sphingomonas,C0,5.99E+07
e1,4,07dpi,S2,Com11,S2.11,spfa2,Sphingomonas,C0,6.39E+07
e2,1,07dpi,S2,Com11,S2.11,spfa2,Sphingomonas,C0,7.26E+07
e2,2,07dpi,S2,Com11,S2.11,spfa2,Sphingomonas,C0,3.81E+07
e2,3,07dpi,S2,Com11,S2.11,spfa2,Sphingomonas,C0,2.53E+07
e2,4,07dpi,S2,Com11,S2.11,spfa2,Sphingomonas,C0,5.14E+07
e1,1,14dpi,S2,Com11,S2.11,spfa2,Sphingomonas,C0,7.33E+07
e1,2,14dpi,S2,Com11,S2.11,spfa2,Sphingomonas,C0,8.34E+07
e1,3,14dpi,S2,Com11,S2.11,spfa2,Sphingomonas,C0,4.73E+07
e1,4,14dpi,S2,Com11,S2.11,spfa2,Sphingomonas,C0,7.76E+07
e1,1,07dpi,S2,Com12,S2.12,spfa2,Sphingomonas,C1,6.12E+07
e1,2,07dpi,S2,Com12,S2.12,spfa2,Sphingomonas,C1,1.48E+07
e1,3,07dpi,S2,Com12,S2.12,spfa2,Sphingomonas,C1,3.08E+07
e1,4,07dpi,S2,Com12,S2.12,spfa2,Sphingomonas,C1,2.21E+07
e2,1,07dpi,S2,Com12,S2.12,spfa2,Sphingomonas,C1,3.53E+07
e2,2,07dpi,S2,Com12,S2.12,spfa2,Sphingomonas,C1,4.84E+07
e2,3,07dpi,S2,Com12,S2.12,spfa2,Sphingomonas,C1,3.86E+07
e2,4,07dpi,S2,Com12,S2.12,spfa2,Sphingomonas,C1,1.01E+08
e1,1,14dpi,S2,Com12,S2.12,spfa2,Sphingomonas,C1,5.61E+07
e1,2,14dpi,S2,Com12,S2.12,spfa2,Sphingomonas,C1,8.12E+07
e1,3,14dpi,S2,Com12,S2.12,spfa2,Sphingomonas,C1,6.12E+07
e1,4,14dpi,S2,Com12,S2.12,spfa2,Sphingomonas,C1,8.63E+07
e1,1,07dpi,C,Com13,C.13,spfa2,Sphingomonas,C0,2.02E+07
e1,2,07dpi,C,Com13,C.13,spfa2,Sphingomonas,C0,1.71E+07
e1,3,07dpi,C,Com13,C.13,spfa2,Sphingomonas,C0,2.31E+07
e1,4,07dpi,C,Com13,C.13,spfa2,Sphingomonas,C0,2.44E+07
e2,1,07dpi,C,Com13,C.13,spfa2,Sphingomonas,C0,3.57E+07
e2,2,07dpi,C,Com13,C.13,spfa2,Sphingomonas,C0,2.80E+07
e2,3,07dpi,C,Com13,C.13,spfa2,Sphingomonas,C0,2.24E+07
e2,4,07dpi,C,Com13,C.13,spfa2,Sphingomonas,C0,2.44E+07
e1,1,07dpi,C,Com13,C.13,spfa2,Sphingomonas,C1,2.60E+07
e1,2,07dpi,C,Com13,C.13,spfa2,Sphingomonas,C1,2.28E+07
e1,3,07dpi,C,Com13,C.13,spfa2,Sphingomonas,C1,2.94E+07
e1,4,07dpi,C,Com13,C.13,spfa2,Sphingomonas,C1,1.90E+07
e2,1,07dpi,C,Com13,C.13,spfa2,Sphingomonas,C1,4.33E+07
e2,2,07dpi,C,Com13,C.13,spfa2,Sphingomonas,C1,1.08E+07
e2,3,07dpi,C,Com13,C.13,spfa2,Sphingomonas,C1,1.60E+07
e2,4,07dpi,C,Com13,C.13,spfa2,Sphingomonas,C1,1.63E+07
e1,1,14dpi,C,Com13,C.13,spfa2,Sphingomonas,C0,5.74E+07
e1,2,14dpi,C,Com13,C.13,spfa2,Sphingomonas,C0,4.12E+07
e1,3,14dpi,C,Com13,C.13,spfa2,Sphingomonas,C0,1.75E+08
e1,4,14dpi,C,Com13,C.13,spfa2,Sphingomonas,C0,1.43E+08
e1,1,14dpi,C,Com13,C.13,spfa2,Sphingomonas,C1,3.74E+07
e1,2,14dpi,C,Com13,C.13,spfa2,Sphingomonas,C1,3.22E+07
e1,3,14dpi,C,Com13,C.13,spfa2,Sphingomonas,C1,1.23E+08
e1,4,14dpi,C,Com13,C.13,spfa2,Sphingomonas,C1,7.64E+07
e1,1,07dpi,S2,Com14,S2.14,spfa2,Sphingomonas,C1,6.44E+07
e1,2,07dpi,S2,Com14,S2.14,spfa2,Sphingomonas,C1,4.42E+07
e1,3,07dpi,S2,Com14,S2.14,spfa2,Sphingomonas,C1,1.80E+07
e1,4,07dpi,S2,Com14,S2.14,spfa2,Sphingomonas,C1,4.39E+07
e2,1,07dpi,S2,Com14,S2.14,spfa2,Sphingomonas,C1,5.71E+07
e2,2,07dpi,S2,Com14,S2.14,spfa2,Sphingomonas,C1,3.87E+07
e2,3,07dpi,S2,Com14,S2.14,spfa2,Sphingomonas,C1,5.30E+07
e2,4,07dpi,S2,Com14,S2.14,spfa2,Sphingomonas,C1,9.63E+07
e1,1,14dpi,S2,Com14,S2.14,spfa2,Sphingomonas,C1,1.39E+08
e1,2,14dpi,S2,Com14,S2.14,spfa2,Sphingomonas,C1,1.71E+08
e1,3,14dpi,S2,Com14,S2.14,spfa2,Sphingomonas,C1,1.80E+08
e1,4,14dpi,S2,Com14,S2.14,spfa2,Sphingomonas,C1,1.00E+08
e2,1,14dpi,S2,Com14,S2.14,spfa2,Sphingomonas,C1,7.33E+07
e2,2,14dpi,S2,Com14,S2.14,spfa2,Sphingomonas,C1,9.79E+07
e2,3,14dpi,S2,Com14,S2.14,spfa2,Sphingomonas,C1,2.08E+08
e2,4,14dpi,S2,Com14,S2.14,spfa2,Sphingomonas,C1,1.47E+08
e1,1,07dpi,S2,Com15,S2.15,spfa2,Sphingomonas,C1,3.06E+07
e1,2,07dpi,S2,Com15,S2.15,spfa2,Sphingomonas,C1,8.34E+07
e1,3,07dpi,S2,Com15,S2.15,spfa2,Sphingomonas,C1,3.66E+07
e1,4,07dpi,S2,Com15,S2.15,spfa2,Sphingomonas,C1,7.87E+07
e2,1,07dpi,S2,Com15,S2.15,spfa2,Sphingomonas,C1,3.64E+07
e2,2,07dpi,S2,Com15,S2.15,spfa2,Sphingomonas,C1,2.91E+07
e2,3,07dpi,S2,Com15,S2.15,spfa2,Sphingomonas,C1,5.03E+07
e2,4,07dpi,S2,Com15,S2.15,spfa2,Sphingomonas,C1,4.59E+07
e1,1,14dpi,S2,Com15,S2.15,spfa2,Sphingomonas,C1,2.90E+08
e1,2,14dpi,S2,Com15,S2.15,spfa2,Sphingomonas,C1,1.10E+08
e1,3,14dpi,S2,Com15,S2.15,spfa2,Sphingomonas,C1,1.61E+08
e1,4,14dpi,S2,Com15,S2.15,spfa2,Sphingomonas,C1,7.60E+07
e2,1,14dpi,S2,Com15,S2.15,spfa2,Sphingomonas,C1,2.06E+08
e2,2,14dpi,S2,Com15,S2.15,spfa2,Sphingomonas,C1,4.96E+08
e2,3,14dpi,S2,Com15,S2.15,spfa2,Sphingomonas,C1,1.45E+08
e2,4,14dpi,S2,Com15,S2.15,spfa2,Sphingomonas,C1,1.32E+08
e1,1,07dpi,S3,Com01,S3.01,meL85,Methylobacterium,C2,6.97E+04
e1,1,07dpi,S3,Com01,S3.01,smfr1,Sphingomonas,C0,1.39E+07
e1,1,07dpi,S3,Com01,S3.01,spfa2,Sphingomonas,C1,4.01E+07
e1,2,07dpi,S3,Com01,S3.01,meL85,Methylobacterium,C2,1.90E+05
e1,2,07dpi,S3,Com01,S3.01,smfr1,Sphingomonas,C0,1.27E+07
e1,2,07dpi,S3,Com01,S3.01,spfa2,Sphingomonas,C1,3.38E+07
e1,3,07dpi,S3,Com01,S3.01,meL85,Methylobacterium,C2,2.49E+05
e1,3,07dpi,S3,Com01,S3.01,smfr1,Sphingomonas,C0,2.49E+07
e1,3,07dpi,S3,Com01,S3.01,spfa2,Sphingomonas,C1,2.27E+07
e1,4,07dpi,S3,Com01,S3.01,meL85,Methylobacterium,C2,4.96E+05
e1,4,07dpi,S3,Com01,S3.01,smfr1,Sphingomonas,C0,8.62E+06
e1,4,07dpi,S3,Com01,S3.01,spfa2,Sphingomonas,C1,8.62E+06
e1,1,07dpi,S3,Com02,S3.02,meL92,Methylobacterium,C2,3.98E+06
e1,1,07dpi,S3,Com02,S3.02,smfr1,Sphingomonas,C0,1.64E+07
e1,1,07dpi,S3,Com02,S3.02,spfa2,Sphingomonas,C1,2.57E+06
e1,2,07dpi,S3,Com02,S3.02,meL92,Methylobacterium,C2,4.49E+06
e1,2,07dpi,S3,Com02,S3.02,smfr1,Sphingomonas,C0,2.15E+07
e1,2,07dpi,S3,Com02,S3.02,spfa2,Sphingomonas,C1,7.81E+06
e1,3,07dpi,S3,Com02,S3.02,meL92,Methylobacterium,C2,2.43E+06
e1,3,07dpi,S3,Com02,S3.02,smfr1,Sphingomonas,C0,8.11E+06
e1,3,07dpi,S3,Com02,S3.02,spfa2,Sphingomonas,C1,3.04E+07
e1,4,07dpi,S3,Com02,S3.02,meL92,Methylobacterium,C2,7.10E+05
e1,4,07dpi,S3,Com02,S3.02,smfr1,Sphingomonas,C0,1.42E+07
e1,4,07dpi,S3,Com02,S3.02,spfa2,Sphingomonas,C1,3.91E+07
e1,1,07dpi,S3,Com03,S3.03,mr01,Methylobacterium,C2,3.12E+06
e1,1,07dpi,S3,Com03,S3.03,smfr1,Sphingomonas,C0,8.32E+06
e1,1,07dpi,S3,Com03,S3.03,spfa2,Sphingomonas,C1,4.16E+06
e1,2,07dpi,S3,Com03,S3.03,mr01,Methylobacterium,C2,4.09E+06
e1,2,07dpi,S3,Com03,S3.03,smfr1,Sphingomonas,C0,3.22E+06
e1,2,07dpi,S3,Com03,S3.03,spfa2,Sphingomonas,C1,1.75E+06
e1,3,07dpi,S3,Com03,S3.03,mr01,Methylobacterium,C2,1.52E+06
e1,3,07dpi,S3,Com03,S3.03,smfr1,Sphingomonas,C0,5.41E+06
e1,3,07dpi,S3,Com03,S3.03,spfa2,Sphingomonas,C1,1.95E+06
e1,4,07dpi,S3,Com03,S3.03,mr01,Methylobacterium,C2,3.17E+06
e1,4,07dpi,S3,Com03,S3.03,smfr1,Sphingomonas,C0,2.18E+07
e1,4,07dpi,S3,Com03,S3.03,spfa2,Sphingomonas,C1,1.98E+07
e1,1,07dpi,S3,Com04,S3.04,meL85,Methylobacterium,C1,9.23E+05
e1,1,07dpi,S3,Com04,S3.04,meL92,Methylobacterium,C2,3.87E+06
e1,1,07dpi,S3,Com04,S3.04,smfr1,Sphingomonas,C0,1.66E+07
e1,2,07dpi,S3,Com04,S3.04,meL85,Methylobacterium,C1,8.21E+05
e1,2,07dpi,S3,Com04,S3.04,meL92,Methylobacterium,C2,1.23E+06
e1,2,07dpi,S3,Com04,S3.04,smfr1,Sphingomonas,C0,1.23E+07
e1,3,07dpi,S3,Com04,S3.04,meL85,Methylobacterium,C1,1.12E+06
e1,3,07dpi,S3,Com04,S3.04,meL92,Methylobacterium,C2,2.61E+06
e1,3,07dpi,S3,Com04,S3.04,smfr1,Sphingomonas,C0,1.30E+07
e1,4,07dpi,S3,Com04,S3.04,meL85,Methylobacterium,C1,6.36E+05
e1,4,07dpi,S3,Com04,S3.04,meL92,Methylobacterium,C2,1.70E+06
e1,4,07dpi,S3,Com04,S3.04,smfr1,Sphingomonas,C0,5.09E+06
e1,1,07dpi,S3,Com05,S3.05,meL85,Methylobacterium,C1,2.49E+05
e1,1,07dpi,S3,Com05,S3.05,mr01,Methylobacterium,C2,2.82E+06
e1,1,07dpi,S3,Com05,S3.05,smfr1,Sphingomonas,C0,2.49E+07
e1,2,07dpi,S3,Com05,S3.05,meL85,Methylobacterium,C1,3.73E+05
e1,2,07dpi,S3,Com05,S3.05,mr01,Methylobacterium,C2,2.66E+06
e1,2,07dpi,S3,Com05,S3.05,smfr1,Sphingomonas,C0,5.59E+06
e1,3,07dpi,S3,Com05,S3.05,meL85,Methylobacterium,C1,3.90E+05
e1,3,07dpi,S3,Com05,S3.05,mr01,Methylobacterium,C2,2.73E+06
e1,3,07dpi,S3,Com05,S3.05,smfr1,Sphingomonas,C0,3.32E+06
e1,4,07dpi,S3,Com05,S3.05,meL85,Methylobacterium,C1,2.49E+05
e1,4,07dpi,S3,Com05,S3.05,mr01,Methylobacterium,C2,3.53E+06
e1,4,07dpi,S3,Com05,S3.05,smfr1,Sphingomonas,C0,4.36E+06
e1,1,07dpi,S3,Com06,S3.06,meL92,Methylobacterium,C1,9.69E+05
e1,1,07dpi,S3,Com06,S3.06,mr01,Methylobacterium,C2,8.07E+05
e1,1,07dpi,S3,Com06,S3.06,smfr1,Sphingomonas,C0,4.04E+06
e1,2,07dpi,S3,Com06,S3.06,meL92,Methylobacterium,C1,9.38E+05
e1,2,07dpi,S3,Com06,S3.06,mr01,Methylobacterium,C2,2.63E+06
e1,2,07dpi,S3,Com06,S3.06,smfr1,Sphingomonas,C0,6.19E+06
e1,3,07dpi,S3,Com06,S3.06,meL92,Methylobacterium,C1,1.78E+06
e1,3,07dpi,S3,Com06,S3.06,mr01,Methylobacterium,C2,2.67E+06
e1,3,07dpi,S3,Com06,S3.06,smfr1,Sphingomonas,C0,4.31E+06
e1,4,07dpi,S3,Com06,S3.06,meL92,Methylobacterium,C1,7.27E+05
e1,4,07dpi,S3,Com06,S3.06,mr01,Methylobacterium,C2,4.18E+06
e1,4,07dpi,S3,Com06,S3.06,smfr1,Sphingomonas,C0,4.00E+06
e1,1,07dpi,S3,Com07,S3.07,meL85,Methylobacterium,C0,5.83E+04
e1,1,07dpi,S3,Com07,S3.07,meL92,Methylobacterium,C2,1.94E+06
e1,1,07dpi,S3,Com07,S3.07,spfa2,Sphingomonas,C1,1.17E+07
e1,2,07dpi,S3,Com07,S3.07,meL85,Methylobacterium,C0,6.47E+04
e1,2,07dpi,S3,Com07,S3.07,meL92,Methylobacterium,C2,1.94E+06
e1,2,07dpi,S3,Com07,S3.07,spfa2,Sphingomonas,C1,1.29E+07
e1,3,07dpi,S3,Com07,S3.07,meL85,Methylobacterium,C0,1.07E+05
e1,3,07dpi,S3,Com07,S3.07,meL92,Methylobacterium,C2,1.34E+06
e1,3,07dpi,S3,Com07,S3.07,spfa2,Sphingomonas,C1,1.07E+07
e1,4,07dpi,S3,Com07,S3.07,meL85,Methylobacterium,C0,1.89E+05
e1,4,07dpi,S3,Com07,S3.07,meL92,Methylobacterium,C2,1.65E+06
e1,4,07dpi,S3,Com07,S3.07,spfa2,Sphingomonas,C1,1.42E+07
e1,1,07dpi,S3,Com08,S3.08,meL85,Methylobacterium,C0,4.55E+05
e1,1,07dpi,S3,Com08,S3.08,mr01,Methylobacterium,C2,2.84E+07
e1,1,07dpi,S3,Com08,S3.08,spfa2,Sphingomonas,C1,3.79E+07
e1,2,07dpi,S3,Com08,S3.08,meL85,Methylobacterium,C0,1.72E+05
e1,2,07dpi,S3,Com08,S3.08,mr01,Methylobacterium,C2,7.10E+06
e1,2,07dpi,S3,Com08,S3.08,spfa2,Sphingomonas,C1,2.37E+07
e1,3,07dpi,S3,Com08,S3.08,meL85,Methylobacterium,C0,5.81E+04
e1,3,07dpi,S3,Com08,S3.08,mr01,Methylobacterium,C2,2.62E+06
e1,3,07dpi,S3,Com08,S3.08,spfa2,Sphingomonas,C1,1.16E+07
e1,4,07dpi,S3,Com08,S3.08,meL85,Methylobacterium,C0,8.31E+04
e1,4,07dpi,S3,Com08,S3.08,mr01,Methylobacterium,C2,2.33E+06
e1,4,07dpi,S3,Com08,S3.08,spfa2,Sphingomonas,C1,1.16E+07
e1,1,07dpi,S3,Com09,S3.09,meL92,Methylobacterium,C0,1.10E+06
e1,1,07dpi,S3,Com09,S3.09,mr01,Methylobacterium,C2,2.21E+06
e1,1,07dpi,S3,Com09,S3.09,spfa2,Sphingomonas,C1,2.21E+07
e1,2,07dpi,S3,Com09,S3.09,meL92,Methylobacterium,C0,5.83E+05
e1,2,07dpi,S3,Com09,S3.09,mr01,Methylobacterium,C2,5.05E+06
e1,2,07dpi,S3,Com09,S3.09,spfa2,Sphingomonas,C1,2.92E+07
e1,3,07dpi,S3,Com09,S3.09,meL92,Methylobacterium,C0,6.98E+05
e1,3,07dpi,S3,Com09,S3.09,mr01,Methylobacterium,C2,2.09E+06
e1,3,07dpi,S3,Com09,S3.09,spfa2,Sphingomonas,C1,4.19E+06
e1,4,07dpi,S3,Com09,S3.09,meL92,Methylobacterium,C0,9.29E+05
e1,4,07dpi,S3,Com09,S3.09,mr01,Methylobacterium,C2,6.69E+06
e1,4,07dpi,S3,Com09,S3.09,spfa2,Sphingomonas,C1,1.30E+07
e1,1,07dpi,S3,Com10,S3.10,meL85,Methylobacterium,C0,1.17E+06
e1,1,07dpi,S3,Com10,S3.10,meL92,Methylobacterium,C1,4.21E+06
e1,1,07dpi,S3,Com10,S3.10,mr01,Methylobacterium,C2,1.64E+06
e1,2,07dpi,S3,Com10,S3.10,meL85,Methylobacterium,C0,1.58E+05
e1,2,07dpi,S3,Com10,S3.10,meL92,Methylobacterium,C1,2.71E+06
e1,2,07dpi,S3,Com10,S3.10,mr01,Methylobacterium,C2,3.16E+06
e1,3,07dpi,S3,Com10,S3.10,meL85,Methylobacterium,C0,5.75E+05
e1,3,07dpi,S3,Com10,S3.10,meL92,Methylobacterium,C1,1.01E+06
e1,3,07dpi,S3,Com10,S3.10,mr01,Methylobacterium,C2,4.45E+06
e1,4,07dpi,S3,Com10,S3.10,meL85,Methylobacterium,C0,1.12E+05
e1,4,07dpi,S3,Com10,S3.10,meL92,Methylobacterium,C1,7.49E+06
e1,4,07dpi,S3,Com10,S3.10,mr01,Methylobacterium,C2,2.47E+06
e1,1,14dpi,S3,Com01,S3.01,meL85,Methylobacterium,C2,2.72E+06
e1,1,14dpi,S3,Com01,S3.01,smfr1,Sphingomonas,C0,2.88E+07
e1,1,14dpi,S3,Com01,S3.01,spfa2,Sphingomonas,C1,3.36E+07
e1,2,14dpi,S3,Com01,S3.01,meL85,Methylobacterium,C2,3.54E+06
e1,2,14dpi,S3,Com01,S3.01,smfr1,Sphingomonas,C0,1.42E+07
e1,2,14dpi,S3,Com01,S3.01,spfa2,Sphingomonas,C1,2.65E+07
e1,3,14dpi,S3,Com01,S3.01,meL85,Methylobacterium,C2,1.04E+06
e1,3,14dpi,S3,Com01,S3.01,smfr1,Sphingomonas,C0,2.90E+07
e1,3,14dpi,S3,Com01,S3.01,spfa2,Sphingomonas,C1,2.80E+07
e1,4,14dpi,S3,Com01,S3.01,meL85,Methylobacterium,C2,1.63E+06
e1,4,14dpi,S3,Com01,S3.01,smfr1,Sphingomonas,C0,2.09E+07
e1,4,14dpi,S3,Com01,S3.01,spfa2,Sphingomonas,C1,3.13E+07
e1,1,14dpi,S3,Com02,S3.02,meL92,Methylobacterium,C2,4.04E+06
e1,1,14dpi,S3,Com02,S3.02,smfr1,Sphingomonas,C0,2.33E+07
e1,1,14dpi,S3,Com02,S3.02,spfa2,Sphingomonas,C1,3.80E+07
e1,2,14dpi,S3,Com02,S3.02,meL92,Methylobacterium,C2,4.03E+06
e1,2,14dpi,S3,Com02,S3.02,smfr1,Sphingomonas,C0,1.22E+07
e1,2,14dpi,S3,Com02,S3.02,spfa2,Sphingomonas,C1,1.59E+07
e1,3,14dpi,S3,Com02,S3.02,meL92,Methylobacterium,C2,2.68E+06
e1,3,14dpi,S3,Com02,S3.02,smfr1,Sphingomonas,C0,1.59E+07
e1,3,14dpi,S3,Com02,S3.02,spfa2,Sphingomonas,C1,1.29E+07
e1,4,14dpi,S3,Com02,S3.02,meL92,Methylobacterium,C2,3.63E+06
e1,4,14dpi,S3,Com02,S3.02,smfr1,Sphingomonas,C0,1.96E+07
e1,4,14dpi,S3,Com02,S3.02,spfa2,Sphingomonas,C1,2.24E+07
e1,1,14dpi,S3,Com03,S3.03,mr01,Methylobacterium,C2,4.25E+06
e1,1,14dpi,S3,Com03,S3.03,smfr1,Sphingomonas,C0,2.55E+07
e1,1,14dpi,S3,Com03,S3.03,spfa2,Sphingomonas,C1,9.57E+06
e1,2,14dpi,S3,Com03,S3.03,mr01,Methylobacterium,C2,4.45E+06
e1,2,14dpi,S3,Com03,S3.03,smfr1,Sphingomonas,C0,3.13E+07
e1,2,14dpi,S3,Com03,S3.03,spfa2,Sphingomonas,C1,4.12E+07
e1,3,14dpi,S3,Com03,S3.03,mr01,Methylobacterium,C2,7.27E+06
e1,3,14dpi,S3,Com03,S3.03,smfr1,Sphingomonas,C0,2.18E+07
e1,3,14dpi,S3,Com03,S3.03,spfa2,Sphingomonas,C1,1.36E+07
e1,4,14dpi,S3,Com03,S3.03,mr01,Methylobacterium,C2,8.73E+06
e1,4,14dpi,S3,Com03,S3.03,smfr1,Sphingomonas,C0,1.26E+07
e1,4,14dpi,S3,Com03,S3.03,spfa2,Sphingomonas,C1,1.65E+07
e1,1,14dpi,S3,Com04,S3.04,meL85,Methylobacterium,C1,1.75E+06
e1,1,14dpi,S3,Com04,S3.04,meL92,Methylobacterium,C2,1.17E+07
e1,1,14dpi,S3,Com04,S3.04,smfr1,Sphingomonas,C0,1.60E+07
e1,2,14dpi,S3,Com04,S3.04,meL85,Methylobacterium,C1,1.70E+06
e1,2,14dpi,S3,Com04,S3.04,meL92,Methylobacterium,C2,8.49E+06
e1,2,14dpi,S3,Com04,S3.04,smfr1,Sphingomonas,C0,2.30E+07
e1,3,14dpi,S3,Com04,S3.04,meL85,Methylobacterium,C1,1.48E+06
e1,3,14dpi,S3,Com04,S3.04,meL92,Methylobacterium,C2,6.84E+06
e1,3,14dpi,S3,Com04,S3.04,smfr1,Sphingomonas,C0,2.51E+07
e1,4,14dpi,S3,Com04,S3.04,meL85,Methylobacterium,C1,1.16E+06
e1,4,14dpi,S3,Com04,S3.04,meL92,Methylobacterium,C2,6.77E+06
e1,4,14dpi,S3,Com04,S3.04,smfr1,Sphingomonas,C0,1.45E+07
e1,1,14dpi,S3,Com05,S3.05,meL85,Methylobacterium,C1,6.83E+05
e1,1,14dpi,S3,Com05,S3.05,mr01,Methylobacterium,C2,8.98E+06
e1,1,14dpi,S3,Com05,S3.05,smfr1,Sphingomonas,C0,8.09E+06
e1,2,14dpi,S3,Com05,S3.05,meL85,Methylobacterium,C1,6.61E+05
e1,2,14dpi,S3,Com05,S3.05,mr01,Methylobacterium,C2,8.62E+06
e1,2,14dpi,S3,Com05,S3.05,smfr1,Sphingomonas,C0,1.05E+07
e1,3,14dpi,S3,Com05,S3.05,meL85,Methylobacterium,C1,4.86E+05
e1,3,14dpi,S3,Com05,S3.05,mr01,Methylobacterium,C2,1.05E+07
e1,3,14dpi,S3,Com05,S3.05,smfr1,Sphingomonas,C0,6.48E+06
e1,4,14dpi,S3,Com05,S3.05,meL85,Methylobacterium,C1,3.68E+05
e1,4,14dpi,S3,Com05,S3.05,mr01,Methylobacterium,C2,5.62E+06
e1,4,14dpi,S3,Com05,S3.05,smfr1,Sphingomonas,C0,1.74E+07
e1,1,14dpi,S3,Com06,S3.06,meL92,Methylobacterium,C1,3.52E+07
e1,1,14dpi,S3,Com06,S3.06,mr01,Methylobacterium,C2,5.51E+06
e1,1,14dpi,S3,Com06,S3.06,smfr1,Sphingomonas,C0,2.86E+07
e1,2,14dpi,S3,Com06,S3.06,meL92,Methylobacterium,C1,5.18E+07
e1,2,14dpi,S3,Com06,S3.06,mr01,Methylobacterium,C2,3.04E+06
e1,2,14dpi,S3,Com06,S3.06,smfr1,Sphingomonas,C0,2.32E+07
e1,3,14dpi,S3,Com06,S3.06,meL92,Methylobacterium,C1,
e1,3,14dpi,S3,Com06,S3.06,mr01,Methylobacterium,C2,6.35E+06
e1,3,14dpi,S3,Com06,S3.06,smfr1,Sphingomonas,C0,1.65E+07
e1,4,14dpi,S3,Com06,S3.06,meL92,Methylobacterium,C1,2.14E+07
e1,4,14dpi,S3,Com06,S3.06,mr01,Methylobacterium,C2,1.26E+07
e1,4,14dpi,S3,Com06,S3.06,smfr1,Sphingomonas,C0,2.64E+07
e1,1,14dpi,S3,Com07,S3.07,meL85,Methylobacterium,C0,9.94E+04
e1,1,14dpi,S3,Com07,S3.07,meL92,Methylobacterium,C2,3.55E+06
e1,1,14dpi,S3,Com07,S3.07,spfa2,Sphingomonas,C1,1.42E+07
e1,2,14dpi,S3,Com07,S3.07,meL85,Methylobacterium,C0,2.12E+06
e1,2,14dpi,S3,Com07,S3.07,meL92,Methylobacterium,C2,4.44E+06
e1,2,14dpi,S3,Com07,S3.07,spfa2,Sphingomonas,C1,3.17E+07
e1,3,14dpi,S3,Com07,S3.07,meL85,Methylobacterium,C0,2.24E+05
e1,3,14dpi,S3,Com07,S3.07,meL92,Methylobacterium,C2,3.31E+06
e1,3,14dpi,S3,Com07,S3.07,spfa2,Sphingomonas,C1,1.77E+07
e1,4,14dpi,S3,Com07,S3.07,meL85,Methylobacterium,C0,3.40E+05
e1,4,14dpi,S3,Com07,S3.07,meL92,Methylobacterium,C2,2.27E+06
e1,4,14dpi,S3,Com07,S3.07,spfa2,Sphingomonas,C1,1.36E+07
e1,1,14dpi,S3,Com08,S3.08,meL85,Methylobacterium,C0,1.52E+05
e1,1,14dpi,S3,Com08,S3.08,mr01,Methylobacterium,C2,4.44E+06
e1,1,14dpi,S3,Com08,S3.08,spfa2,Sphingomonas,C1,2.92E+06
e1,2,14dpi,S3,Com08,S3.08,meL85,Methylobacterium,C0,7.35E+04
e1,2,14dpi,S3,Com08,S3.08,mr01,Methylobacterium,C2,6.07E+06
e1,2,14dpi,S3,Com08,S3.08,spfa2,Sphingomonas,C1,2.94E+06
e1,3,14dpi,S3,Com08,S3.08,meL85,Methylobacterium,C0,1.38E+05
e1,3,14dpi,S3,Com08,S3.08,mr01,Methylobacterium,C2,5.28E+06
e1,3,14dpi,S3,Com08,S3.08,spfa2,Sphingomonas,C1,1.15E+07
e1,4,14dpi,S3,Com08,S3.08,meL85,Methylobacterium,C0,8.28E+05
e1,4,14dpi,S3,Com08,S3.08,mr01,Methylobacterium,C2,4.28E+06
e1,4,14dpi,S3,Com08,S3.08,spfa2,Sphingomonas,C1,2.07E+07
e1,1,14dpi,S3,Com09,S3.09,meL92,Methylobacterium,C0,1.37E+06
e1,1,14dpi,S3,Com09,S3.09,mr01,Methylobacterium,C2,8.43E+06
e1,1,14dpi,S3,Com09,S3.09,spfa2,Sphingomonas,C1,2.53E+07
e1,2,14dpi,S3,Com09,S3.09,meL92,Methylobacterium,C0,1.71E+06
e1,2,14dpi,S3,Com09,S3.09,mr01,Methylobacterium,C2,5.71E+06
e1,2,14dpi,S3,Com09,S3.09,spfa2,Sphingomonas,C1,2.00E+07
e1,3,14dpi,S3,Com09,S3.09,meL92,Methylobacterium,C0,1.41E+06
e1,3,14dpi,S3,Com09,S3.09,mr01,Methylobacterium,C2,1.13E+07
e1,3,14dpi,S3,Com09,S3.09,spfa2,Sphingomonas,C1,1.83E+07
e1,4,14dpi,S3,Com09,S3.09,meL92,Methylobacterium,C0,4.94E+05
e1,4,14dpi,S3,Com09,S3.09,mr01,Methylobacterium,C2,3.26E+06
e1,4,14dpi,S3,Com09,S3.09,spfa2,Sphingomonas,C1,2.27E+07
e1,1,14dpi,S3,Com10,S3.10,meL85,Methylobacterium,C0,1.42E+06
e1,1,14dpi,S3,Com10,S3.10,meL92,Methylobacterium,C1,1.19E+07
e1,1,14dpi,S3,Com10,S3.10,mr01,Methylobacterium,C2,3.44E+06
e1,2,14dpi,S3,Com10,S3.10,meL85,Methylobacterium,C0,4.84E+05
e1,2,14dpi,S3,Com10,S3.10,meL92,Methylobacterium,C1,5.81E+06
e1,2,14dpi,S3,Com10,S3.10,mr01,Methylobacterium,C2,2.32E+06
e1,3,14dpi,S3,Com10,S3.10,meL85,Methylobacterium,C0,1.17E+06
e1,3,14dpi,S3,Com10,S3.10,meL92,Methylobacterium,C1,9.11E+06
e1,3,14dpi,S3,Com10,S3.10,mr01,Methylobacterium,C2,3.64E+06
e1,4,14dpi,S3,Com10,S3.10,meL85,Methylobacterium,C0,5.92E+05
e1,4,14dpi,S3,Com10,S3.10,meL92,Methylobacterium,C1,4.44E+06
e1,4,14dpi,S3,Com10,S3.10,mr01,Methylobacterium,C2,4.44E+06
e2,1,07dpi,S3,Com01,S3.01,meL85,Methylobacterium,C2,4.63E+04
e2,1,07dpi,S3,Com01,S3.01,smfr1,Sphingomonas,C0,4.17E+06
e2,1,07dpi,S3,Com01,S3.01,spfa2,Sphingomonas,C1,5.09E+06
e2,2,07dpi,S3,Com01,S3.01,meL85,Methylobacterium,C2,1.80E+04
e2,2,07dpi,S3,Com01,S3.01,smfr1,Sphingomonas,C0,1.97E+06
e2,2,07dpi,S3,Com01,S3.01,spfa2,Sphingomonas,C1,5.03E+06
e2,3,07dpi,S3,Com01,S3.01,meL85,Methylobacterium,C2,4.77E+04
e2,3,07dpi,S3,Com01,S3.01,smfr1,Sphingomonas,C0,6.21E+06
e2,3,07dpi,S3,Com01,S3.01,spfa2,Sphingomonas,C1,6.68E+06
e2,4,07dpi,S3,Com01,S3.01,meL85,Methylobacterium,C2,4.84E+05
e2,4,07dpi,S3,Com01,S3.01,smfr1,Sphingomonas,C0,5.59E+06
e2,4,07dpi,S3,Com01,S3.01,spfa2,Sphingomonas,C1,8.94E+06
e2,1,07dpi,S3,Com02,S3.02,meL92,Methylobacterium,C2,2.45E+06
e2,1,07dpi,S3,Com02,S3.02,smfr1,Sphingomonas,C0,1.12E+06
e2,1,07dpi,S3,Com02,S3.02,spfa2,Sphingomonas,C1,3.06E+06
e2,2,07dpi,S3,Com02,S3.02,meL92,Methylobacterium,C2,2.31E+05
e2,2,07dpi,S3,Com02,S3.02,smfr1,Sphingomonas,C0,6.07E+06
e2,2,07dpi,S3,Com02,S3.02,spfa2,Sphingomonas,C1,4.91E+06
e2,3,07dpi,S3,Com02,S3.02,meL92,Methylobacterium,C2,7.09E+05
e2,3,07dpi,S3,Com02,S3.02,smfr1,Sphingomonas,C0,3.34E+06
e2,3,07dpi,S3,Com02,S3.02,spfa2,Sphingomonas,C1,2.53E+06
e2,4,07dpi,S3,Com02,S3.02,meL92,Methylobacterium,C2,9.14E+05
e2,4,07dpi,S3,Com02,S3.02,smfr1,Sphingomonas,C0,2.44E+06
e2,4,07dpi,S3,Com02,S3.02,spfa2,Sphingomonas,C1,1.32E+07
e2,1,07dpi,S3,Com03,S3.03,mr01,Methylobacterium,C2,6.13E+05
e2,1,07dpi,S3,Com03,S3.03,smfr1,Sphingomonas,C0,3.75E+06
e2,1,07dpi,S3,Com03,S3.03,spfa2,Sphingomonas,C1,7.84E+06
e2,2,07dpi,S3,Com03,S3.03,mr01,Methylobacterium,C2,3.11E+06
e2,2,07dpi,S3,Com03,S3.03,smfr1,Sphingomonas,C0,1.30E+07
e2,2,07dpi,S3,Com03,S3.03,spfa2,Sphingomonas,C1,1.30E+07
e2,3,07dpi,S3,Com03,S3.03,mr01,Methylobacterium,C2,4.44E+06
e2,3,07dpi,S3,Com03,S3.03,smfr1,Sphingomonas,C0,7.69E+06
e2,3,07dpi,S3,Com03,S3.03,spfa2,Sphingomonas,C1,7.40E+06
e2,4,07dpi,S3,Com03,S3.03,mr01,Methylobacterium,C2,2.30E+06
e2,4,07dpi,S3,Com03,S3.03,smfr1,Sphingomonas,C0,6.03E+06
e2,4,07dpi,S3,Com03,S3.03,spfa2,Sphingomonas,C1,4.02E+06
e2,1,07dpi,S3,Com04,S3.04,meL85,Methylobacterium,C1,2.10E+04
e2,1,07dpi,S3,Com04,S3.04,meL92,Methylobacterium,C2,8.39E+05
e2,1,07dpi,S3,Com04,S3.04,smfr1,Sphingomonas,C0,1.68E+07
e2,2,07dpi,S3,Com04,S3.04,meL85,Methylobacterium,C1,2.76E+05
e2,2,07dpi,S3,Com04,S3.04,meL92,Methylobacterium,C2,2.34E+06
e2,2,07dpi,S3,Com04,S3.04,smfr1,Sphingomonas,C0,2.76E+07
e2,3,07dpi,S3,Com04,S3.04,meL85,Methylobacterium,C1,6.76E+04
e2,3,07dpi,S3,Com04,S3.04,meL92,Methylobacterium,C2,5.74E+05
e2,3,07dpi,S3,Com04,S3.04,smfr1,Sphingomonas,C0,2.03E+07
e2,4,07dpi,S3,Com04,S3.04,meL85,Methylobacterium,C1,1.45E+05
e2,4,07dpi,S3,Com04,S3.04,meL92,Methylobacterium,C2,6.27E+05
e2,4,07dpi,S3,Com04,S3.04,smfr1,Sphingomonas,C0,2.17E+07
e2,1,07dpi,S3,Com05,S3.05,meL85,Methylobacterium,C1,5.37E+05
e2,1,07dpi,S3,Com05,S3.05,mr01,Methylobacterium,C2,8.06E+06
e2,1,07dpi,S3,Com05,S3.05,smfr1,Sphingomonas,C0,9.40E+06
e2,2,07dpi,S3,Com05,S3.05,meL85,Methylobacterium,C1,1.72E+05
e2,2,07dpi,S3,Com05,S3.05,mr01,Methylobacterium,C2,3.45E+06
e2,2,07dpi,S3,Com05,S3.05,smfr1,Sphingomonas,C0,1.72E+07
e2,3,07dpi,S3,Com05,S3.05,meL85,Methylobacterium,C1,6.98E+05
e2,3,07dpi,S3,Com05,S3.05,mr01,Methylobacterium,C2,3.49E+06
e2,3,07dpi,S3,Com05,S3.05,smfr1,Sphingomonas,C0,1.63E+07
e2,4,07dpi,S3,Com05,S3.05,meL85,Methylobacterium,C1,3.06E+05
e2,4,07dpi,S3,Com05,S3.05,mr01,Methylobacterium,C2,3.82E+06
e2,4,07dpi,S3,Com05,S3.05,smfr1,Sphingomonas,C0,3.82E+06
e2,1,07dpi,S3,Com06,S3.06,meL92,Methylobacterium,C1,6.39E+05
e2,1,07dpi,S3,Com06,S3.06,mr01,Methylobacterium,C2,2.32E+06
e2,1,07dpi,S3,Com06,S3.06,smfr1,Sphingomonas,C0,5.52E+06
e2,2,07dpi,S3,Com06,S3.06,meL92,Methylobacterium,C1,8.88E+05
e2,2,07dpi,S3,Com06,S3.06,mr01,Methylobacterium,C2,9.06E+05
e2,2,07dpi,S3,Com06,S3.06,smfr1,Sphingomonas,C0,2.17E+07
e2,3,07dpi,S3,Com06,S3.06,meL92,Methylobacterium,C1,8.43E+05
e2,3,07dpi,S3,Com06,S3.06,mr01,Methylobacterium,C2,1.26E+06
e2,3,07dpi,S3,Com06,S3.06,smfr1,Sphingomonas,C0,1.12E+07
e2,4,07dpi,S3,Com06,S3.06,meL92,Methylobacterium,C1,1.57E+06
e2,4,07dpi,S3,Com06,S3.06,mr01,Methylobacterium,C2,3.41E+06
e2,4,07dpi,S3,Com06,S3.06,smfr1,Sphingomonas,C0,1.05E+07
e2,1,07dpi,S3,Com07,S3.07,meL85,Methylobacterium,C0,8.24E+04
e2,1,07dpi,S3,Com07,S3.07,meL92,Methylobacterium,C2,1.85E+05
e2,1,07dpi,S3,Com07,S3.07,spfa2,Sphingomonas,C1,3.09E+06
e2,2,07dpi,S3,Com07,S3.07,meL85,Methylobacterium,C0,1.71E+04
e2,2,07dpi,S3,Com07,S3.07,meL92,Methylobacterium,C2,1.03E+05
e2,2,07dpi,S3,Com07,S3.07,spfa2,Sphingomonas,C1,8.56E+06
e2,3,07dpi,S3,Com07,S3.07,meL85,Methylobacterium,C0,2.40E+04
e2,3,07dpi,S3,Com07,S3.07,meL92,Methylobacterium,C2,9.58E+04
e2,3,07dpi,S3,Com07,S3.07,spfa2,Sphingomonas,C1,1.68E+07
e2,4,07dpi,S3,Com07,S3.07,meL85,Methylobacterium,C0,1.64E+05
e2,4,07dpi,S3,Com07,S3.07,meL92,Methylobacterium,C2,2.81E+05
e2,4,07dpi,S3,Com07,S3.07,spfa2,Sphingomonas,C1,1.40E+07
e2,1,07dpi,S3,Com08,S3.08,meL85,Methylobacterium,C0,2.02E+04
e2,1,07dpi,S3,Com08,S3.08,mr01,Methylobacterium,C2,2.22E+05
e2,1,07dpi,S3,Com08,S3.08,spfa2,Sphingomonas,C1,2.22E+06
e2,2,07dpi,S3,Com08,S3.08,meL85,Methylobacterium,C0,1.60E+04
e2,2,07dpi,S3,Com08,S3.08,mr01,Methylobacterium,C2,4.49E+05
e2,2,07dpi,S3,Com08,S3.08,spfa2,Sphingomonas,C1,1.60E+07
e2,3,07dpi,S3,Com08,S3.08,meL85,Methylobacterium,C0,5.06E+04
e2,3,07dpi,S3,Com08,S3.08,mr01,Methylobacterium,C2,2.53E+05
e2,3,07dpi,S3,Com08,S3.08,spfa2,Sphingomonas,C1,2.03E+06
e2,4,07dpi,S3,Com08,S3.08,meL85,Methylobacterium,C0,2.11E+04
e2,4,07dpi,S3,Com08,S3.08,mr01,Methylobacterium,C2,3.38E+05
e2,4,07dpi,S3,Com08,S3.08,spfa2,Sphingomonas,C1,1.06E+07
e2,1,07dpi,S3,Com09,S3.09,meL92,Methylobacterium,C0,3.81E+05
e2,1,07dpi,S3,Com09,S3.09,mr01,Methylobacterium,C2,9.53E+05
e2,1,07dpi,S3,Com09,S3.09,spfa2,Sphingomonas,C1,9.53E+06
e2,2,07dpi,S3,Com09,S3.09,meL92,Methylobacterium,C0,2.39E+05
e2,2,07dpi,S3,Com09,S3.09,mr01,Methylobacterium,C2,7.03E+05
e2,2,07dpi,S3,Com09,S3.09,spfa2,Sphingomonas,C1,7.03E+06
e2,3,07dpi,S3,Com09,S3.09,meL92,Methylobacterium,C0,6.52E+05
e2,3,07dpi,S3,Com09,S3.09,mr01,Methylobacterium,C2,1.48E+06
e2,3,07dpi,S3,Com09,S3.09,spfa2,Sphingomonas,C1,3.56E+06
e2,4,07dpi,S3,Com09,S3.09,meL92,Methylobacterium,C0,3.10E+05
e2,4,07dpi,S3,Com09,S3.09,mr01,Methylobacterium,C2,1.55E+06
e2,4,07dpi,S3,Com09,S3.09,spfa2,Sphingomonas,C1,2.85E+06
e2,1,07dpi,S3,Com10,S3.10,meL85,Methylobacterium,C0,3.04E+04
e2,1,07dpi,S3,Com10,S3.10,meL92,Methylobacterium,C1,2.13E+05
e2,1,07dpi,S3,Com10,S3.10,mr01,Methylobacterium,C2,1.22E+05
e2,2,07dpi,S3,Com10,S3.10,meL85,Methylobacterium,C0,1.36E+04
e2,2,07dpi,S3,Com10,S3.10,meL92,Methylobacterium,C1,2.04E+05
e2,2,07dpi,S3,Com10,S3.10,mr01,Methylobacterium,C2,2.18E+05
e2,3,07dpi,S3,Com10,S3.10,meL85,Methylobacterium,C0,1.02E+05
e2,3,07dpi,S3,Com10,S3.10,meL92,Methylobacterium,C1,5.12E+05
e2,3,07dpi,S3,Com10,S3.10,mr01,Methylobacterium,C2,3.72E+05
e2,4,07dpi,S3,Com10,S3.10,meL85,Methylobacterium,C0,1.56E+04
e2,4,07dpi,S3,Com10,S3.10,meL92,Methylobacterium,C1,1.09E+05
e2,4,07dpi,S3,Com10,S3.10,mr01,Methylobacterium,C2,6.25E+04
e2,1,14dpi,S3,Com01,S3.01,meL85,Methylobacterium,C2,7.05E+03
e2,1,14dpi,S3,Com01,S3.01,smfr1,Sphingomonas,C0,5.64E+06
e2,1,14dpi,S3,Com01,S3.01,spfa2,Sphingomonas,C1,7.76E+06
e2,2,14dpi,S3,Com01,S3.01,meL85,Methylobacterium,C2,9.41E+03
e2,2,14dpi,S3,Com01,S3.01,smfr1,Sphingomonas,C0,9.41E+06
e2,2,14dpi,S3,Com01,S3.01,spfa2,Sphingomonas,C1,1.13E+07
e2,3,14dpi,S3,Com01,S3.01,meL85,Methylobacterium,C2,8.40E+03
e2,3,14dpi,S3,Com01,S3.01,smfr1,Sphingomonas,C0,5.04E+06
e2,3,14dpi,S3,Com01,S3.01,spfa2,Sphingomonas,C1,1.76E+07
e2,4,14dpi,S3,Com01,S3.01,meL85,Methylobacterium,C2,5.76E+03
e2,4,14dpi,S3,Com01,S3.01,smfr1,Sphingomonas,C0,5.19E+06
e2,4,14dpi,S3,Com01,S3.01,spfa2,Sphingomonas,C1,6.92E+06
e2,1,14dpi,S3,Com02,S3.02,meL92,Methylobacterium,C2,2.19E+06
e2,1,14dpi,S3,Com02,S3.02,smfr1,Sphingomonas,C0,3.10E+07
e2,1,14dpi,S3,Com02,S3.02,spfa2,Sphingomonas,C1,1.64E+07
e2,2,14dpi,S3,Com02,S3.02,meL92,Methylobacterium,C2,4.13E+05
e2,2,14dpi,S3,Com02,S3.02,smfr1,Sphingomonas,C0,2.66E+07
e2,2,14dpi,S3,Com02,S3.02,spfa2,Sphingomonas,C1,1.07E+07
e2,3,14dpi,S3,Com02,S3.02,meL92,Methylobacterium,C2,1.61E+06
e2,3,14dpi,S3,Com02,S3.02,smfr1,Sphingomonas,C0,8.04E+06
e2,3,14dpi,S3,Com02,S3.02,spfa2,Sphingomonas,C1,1.02E+07
e2,4,14dpi,S3,Com02,S3.02,meL92,Methylobacterium,C2,2.60E+06
e2,4,14dpi,S3,Com02,S3.02,smfr1,Sphingomonas,C0,3.54E+07
e2,4,14dpi,S3,Com02,S3.02,spfa2,Sphingomonas,C1,1.56E+07
e2,1,14dpi,S3,Com03,S3.03,mr01,Methylobacterium,C2,4.84E+06
e2,1,14dpi,S3,Com03,S3.03,smfr1,Sphingomonas,C0,2.13E+07
e2,1,14dpi,S3,Com03,S3.03,spfa2,Sphingomonas,C1,1.16E+07
e2,2,14dpi,S3,Com03,S3.03,mr01,Methylobacterium,C2,3.15E+06
e2,2,14dpi,S3,Com03,S3.03,smfr1,Sphingomonas,C0,2.00E+07
e2,2,14dpi,S3,Com03,S3.03,spfa2,Sphingomonas,C1,1.43E+07
e2,3,14dpi,S3,Com03,S3.03,mr01,Methylobacterium,C2,1.04E+07
e2,3,14dpi,S3,Com03,S3.03,smfr1,Sphingomonas,C0,1.83E+07
e2,3,14dpi,S3,Com03,S3.03,spfa2,Sphingomonas,C1,3.22E+07
e2,4,14dpi,S3,Com03,S3.03,mr01,Methylobacterium,C2,4.92E+06
e2,4,14dpi,S3,Com03,S3.03,smfr1,Sphingomonas,C0,2.09E+07
e2,4,14dpi,S3,Com03,S3.03,spfa2,Sphingomonas,C1,1.35E+07
e2,1,14dpi,S3,Com04,S3.04,meL85,Methylobacterium,C1,1.35E+06
e2,1,14dpi,S3,Com04,S3.04,meL92,Methylobacterium,C2,1.50E+07
e2,1,14dpi,S3,Com04,S3.04,smfr1,Sphingomonas,C0,2.25E+07
e2,2,14dpi,S3,Com04,S3.04,meL85,Methylobacterium,C1,3.91E+05
e2,2,14dpi,S3,Com04,S3.04,meL92,Methylobacterium,C2,1.77E+07
e2,2,14dpi,S3,Com04,S3.04,smfr1,Sphingomonas,C0,1.51E+07
e2,3,14dpi,S3,Com04,S3.04,meL85,Methylobacterium,C1,4.79E+05
e2,3,14dpi,S3,Com04,S3.04,meL92,Methylobacterium,C2,3.95E+06
e2,3,14dpi,S3,Com04,S3.04,smfr1,Sphingomonas,C0,3.12E+07
e2,4,14dpi,S3,Com04,S3.04,meL85,Methylobacterium,C1,2.23E+06
e2,4,14dpi,S3,Com04,S3.04,meL92,Methylobacterium,C2,1.53E+07
e2,4,14dpi,S3,Com04,S3.04,smfr1,Sphingomonas,C0,1.11E+07
e2,1,14dpi,S3,Com05,S3.05,meL85,Methylobacterium,C1,3.89E+05
e2,1,14dpi,S3,Com05,S3.05,mr01,Methylobacterium,C2,1.85E+07
e2,1,14dpi,S3,Com05,S3.05,smfr1,Sphingomonas,C0,3.11E+07
e2,2,14dpi,S3,Com05,S3.05,meL85,Methylobacterium,C1,4.04E+05
e2,2,14dpi,S3,Com05,S3.05,mr01,Methylobacterium,C2,2.33E+06
e2,2,14dpi,S3,Com05,S3.05,smfr1,Sphingomonas,C0,1.72E+07
e2,3,14dpi,S3,Com05,S3.05,meL85,Methylobacterium,C1,1.35E+06
e2,3,14dpi,S3,Com05,S3.05,mr01,Methylobacterium,C2,4.89E+06
e2,3,14dpi,S3,Com05,S3.05,smfr1,Sphingomonas,C0,2.87E+07
e2,4,14dpi,S3,Com05,S3.05,meL85,Methylobacterium,C1,2.08E+06
e2,4,14dpi,S3,Com05,S3.05,mr01,Methylobacterium,C2,5.31E+06
e2,4,14dpi,S3,Com05,S3.05,smfr1,Sphingomonas,C0,2.77E+07
e2,1,14dpi,S3,Com06,S3.06,meL92,Methylobacterium,C1,5.36E+05
e2,1,14dpi,S3,Com06,S3.06,mr01,Methylobacterium,C2,7.69E+05
e2,1,14dpi,S3,Com06,S3.06,smfr1,Sphingomonas,C0,2.45E+07
e2,2,14dpi,S3,Com06,S3.06,meL92,Methylobacterium,C1,8.81E+05
e2,2,14dpi,S3,Com06,S3.06,mr01,Methylobacterium,C2,1.93E+06
e2,2,14dpi,S3,Com06,S3.06,smfr1,Sphingomonas,C0,1.79E+07
e2,3,14dpi,S3,Com06,S3.06,meL92,Methylobacterium,C1,1.21E+06
e2,3,14dpi,S3,Com06,S3.06,mr01,Methylobacterium,C2,1.47E+06
e2,3,14dpi,S3,Com06,S3.06,smfr1,Sphingomonas,C0,1.62E+07
e2,4,14dpi,S3,Com06,S3.06,meL92,Methylobacterium,C1,1.25E+06
e2,4,14dpi,S3,Com06,S3.06,mr01,Methylobacterium,C2,1.56E+06
e2,4,14dpi,S3,Com06,S3.06,smfr1,Sphingomonas,C0,1.35E+07
e2,1,14dpi,S3,Com07,S3.07,meL85,Methylobacterium,C0,1.20E+04
e2,1,14dpi,S3,Com07,S3.07,meL92,Methylobacterium,C2,3.01E+06
e2,1,14dpi,S3,Com07,S3.07,spfa2,Sphingomonas,C1,1.08E+07
e2,2,14dpi,S3,Com07,S3.07,meL85,Methylobacterium,C0,8.47E+03
e2,2,14dpi,S3,Com07,S3.07,meL92,Methylobacterium,C2,2.37E+06
e2,2,14dpi,S3,Com07,S3.07,spfa2,Sphingomonas,C1,1.44E+07
e2,3,14dpi,S3,Com07,S3.07,meL85,Methylobacterium,C0,9.25E+03
e2,3,14dpi,S3,Com07,S3.07,meL92,Methylobacterium,C2,2.22E+06
e2,3,14dpi,S3,Com07,S3.07,spfa2,Sphingomonas,C1,1.02E+07
e2,4,14dpi,S3,Com07,S3.07,meL85,Methylobacterium,C0,1.24E+04
e2,4,14dpi,S3,Com07,S3.07,meL92,Methylobacterium,C2,1.12E+06
e2,4,14dpi,S3,Com07,S3.07,spfa2,Sphingomonas,C1,1.49E+07
e2,1,14dpi,S3,Com08,S3.08,meL85,Methylobacterium,C0,1.24E+04
e2,1,14dpi,S3,Com08,S3.08,mr01,Methylobacterium,C2,7.43E+05
e2,1,14dpi,S3,Com08,S3.08,spfa2,Sphingomonas,C1,9.90E+06
e2,2,14dpi,S3,Com08,S3.08,meL85,Methylobacterium,C0,1.08E+04
e2,2,14dpi,S3,Com08,S3.08,mr01,Methylobacterium,C2,4.52E+06
e2,2,14dpi,S3,Com08,S3.08,spfa2,Sphingomonas,C1,3.12E+07
e2,3,14dpi,S3,Com08,S3.08,meL85,Methylobacterium,C0,8.74E+03
e2,3,14dpi,S3,Com08,S3.08,mr01,Methylobacterium,C2,6.99E+05
e2,3,14dpi,S3,Com08,S3.08,spfa2,Sphingomonas,C1,1.57E+07
e2,4,14dpi,S3,Com08,S3.08,meL85,Methylobacterium,C0,6.72E+03
e2,4,14dpi,S3,Com08,S3.08,mr01,Methylobacterium,C2,2.62E+06
e2,4,14dpi,S3,Com08,S3.08,spfa2,Sphingomonas,C1,1.34E+07
e2,1,14dpi,S3,Com09,S3.09,meL92,Methylobacterium,C0,6.38E+05
e2,1,14dpi,S3,Com09,S3.09,mr01,Methylobacterium,C2,1.93E+06
e2,1,14dpi,S3,Com09,S3.09,spfa2,Sphingomonas,C1,1.04E+07
e2,2,14dpi,S3,Com09,S3.09,meL92,Methylobacterium,C0,4.20E+05
e2,2,14dpi,S3,Com09,S3.09,mr01,Methylobacterium,C2,2.31E+06
e2,2,14dpi,S3,Com09,S3.09,spfa2,Sphingomonas,C1,1.47E+07
e2,3,14dpi,S3,Com09,S3.09,meL92,Methylobacterium,C0,1.12E+06
e2,3,14dpi,S3,Com09,S3.09,mr01,Methylobacterium,C2,1.73E+06
e2,3,14dpi,S3,Com09,S3.09,spfa2,Sphingomonas,C1,1.82E+07
e2,4,14dpi,S3,Com09,S3.09,meL92,Methylobacterium,C0,4.81E+05
e2,4,14dpi,S3,Com09,S3.09,mr01,Methylobacterium,C2,3.37E+06
e2,4,14dpi,S3,Com09,S3.09,spfa2,Sphingomonas,C1,1.35E+07
e2,1,14dpi,S3,Com10,S3.10,meL85,Methylobacterium,C0,1.37E+05
e2,1,14dpi,S3,Com10,S3.10,meL92,Methylobacterium,C1,6.83E+05
e2,1,14dpi,S3,Com10,S3.10,mr01,Methylobacterium,C2,1.14E+06
e2,2,14dpi,S3,Com10,S3.10,meL85,Methylobacterium,C0,3.86E+04
e2,2,14dpi,S3,Com10,S3.10,meL92,Methylobacterium,C1,4.76E+05
e2,2,14dpi,S3,Com10,S3.10,mr01,Methylobacterium,C2,7.72E+05
e2,3,14dpi,S3,Com10,S3.10,meL85,Methylobacterium,C0,1.04E+05
e2,3,14dpi,S3,Com10,S3.10,meL92,Methylobacterium,C1,3.78E+05
e2,3,14dpi,S3,Com10,S3.10,mr01,Methylobacterium,C2,1.79E+06
e2,4,14dpi,S3,Com10,S3.10,meL85,Methylobacterium,C0,5.13E+04
e2,4,14dpi,S3,Com10,S3.10,meL92,Methylobacterium,C1,5.13E+05
e2,4,14dpi,S3,Com10,S3.10,mr01,Methylobacterium,C2,1.03E+06