"exp","sample","dpi","synID","comID","syncom","strain","taxa","channel","cfu","cfu_log"
"e1","1","07dpi","C","Com01","C.01","meL85","Methylobacterium","C0",8800000,6.94448267215017
"e1","2","07dpi","C","Com01","C.01","meL85","Methylobacterium","C0",15400000,7.18752072083646
"e1","3","07dpi","C","Com01","C.01","meL85","Methylobacterium","C0",19900000,7.29885307640971
"e1","4","07dpi","C","Com01","C.01","meL85","Methylobacterium","C0",9040000,6.95616843047536
"e2","1","07dpi","C","Com01","C.01","meL85","Methylobacterium","C0",769000,5.88592633980143
"e2","2","07dpi","C","Com01","C.01","meL85","Methylobacterium","C0",2660000,6.42488163663107
"e2","3","07dpi","C","Com01","C.01","meL85","Methylobacterium","C0",1620000,6.20951501454263
"e2","4","07dpi","C","Com01","C.01","meL85","Methylobacterium","C0",2560000,6.40823996531185
"e1","1","07dpi","C","Com01","C.01","meL85","Methylobacterium","C1",8350000,6.9216864754836
"e1","2","07dpi","C","Com01","C.01","meL85","Methylobacterium","C1",5760000,6.76042248342321
"e1","3","07dpi","C","Com01","C.01","meL85","Methylobacterium","C1",23900000,7.37839790094814
"e1","4","07dpi","C","Com01","C.01","meL85","Methylobacterium","C1",14500000,7.16136800223498
"e2","1","07dpi","C","Com01","C.01","meL85","Methylobacterium","C1",1110000,6.04532297878666
"e2","2","07dpi","C","Com01","C.01","meL85","Methylobacterium","C1",4970000,6.69635638873333
"e2","3","07dpi","C","Com01","C.01","meL85","Methylobacterium","C1",5310000,6.72509452108147
"e2","4","07dpi","C","Com01","C.01","meL85","Methylobacterium","C1",3700000,6.568201724067
"e1","1","14dpi","C","Com01","C.01","meL85","Methylobacterium","C0",6830000,6.83442070368153
"e1","2","14dpi","C","Com01","C.01","meL85","Methylobacterium","C0",16200000,7.20951501454263
"e1","3","14dpi","C","Com01","C.01","meL85","Methylobacterium","C0",6040000,6.78103693862113
"e1","4","14dpi","C","Com01","C.01","meL85","Methylobacterium","C0",8610000,6.93500315145365
"e2","1","14dpi","C","Com01","C.01","meL85","Methylobacterium","C0",29800000,7.47421626407626
"e2","2","14dpi","C","Com01","C.01","meL85","Methylobacterium","C0",34400000,7.53655844257153
"e2","3","14dpi","C","Com01","C.01","meL85","Methylobacterium","C0",28300000,7.45178643552429
"e2","4","14dpi","C","Com01","C.01","meL85","Methylobacterium","C0",32100000,7.50650503240487
"e1","1","14dpi","C","Com01","C.01","meL85","Methylobacterium","C1",9100000,6.95904139232109
"e1","2","14dpi","C","Com01","C.01","meL85","Methylobacterium","C1",7350000,6.8662873390842
"e1","3","14dpi","C","Com01","C.01","meL85","Methylobacterium","C1",5910000,6.77158748088126
"e1","4","14dpi","C","Com01","C.01","meL85","Methylobacterium","C1",7530000,6.8767949762007
"e2","1","14dpi","C","Com01","C.01","meL85","Methylobacterium","C1",40300000,7.60530504614111
"e2","2","14dpi","C","Com01","C.01","meL85","Methylobacterium","C1",34400000,7.53655844257153
"e2","3","14dpi","C","Com01","C.01","meL85","Methylobacterium","C1",44500000,7.64836001098093
"e2","4","14dpi","C","Com01","C.01","meL85","Methylobacterium","C1",36000000,7.55630250076729
"e1","1","07dpi","S2","Com02","S2.02","meL85","Methylobacterium","C0",1550000,6.19033169817029
"e1","2","07dpi","S2","Com02","S2.02","meL85","Methylobacterium","C0",2330000,6.36735592102602
"e1","3","07dpi","S2","Com02","S2.02","meL85","Methylobacterium","C0",2360000,6.37291200297011
"e1","4","07dpi","S2","Com02","S2.02","meL85","Methylobacterium","C0",1790000,6.25285303097989
"e2","1","07dpi","S2","Com02","S2.02","meL85","Methylobacterium","C0",1630000,6.21218760440396
"e2","2","07dpi","S2","Com02","S2.02","meL85","Methylobacterium","C0",1490000,6.17318626841227
"e2","3","07dpi","S2","Com02","S2.02","meL85","Methylobacterium","C0",5730000,6.75815462196739
"e2","4","07dpi","S2","Com02","S2.02","meL85","Methylobacterium","C0",18300000,7.26245108973043
"e1","1","14dpi","S2","Com02","S2.02","meL85","Methylobacterium","C0",3120000,6.49415459401844
"e1","2","14dpi","S2","Com02","S2.02","meL85","Methylobacterium","C0",2480000,6.39445168082622
"e1","3","14dpi","S2","Com02","S2.02","meL85","Methylobacterium","C0",3800000,6.57978359661681
"e1","4","14dpi","S2","Com02","S2.02","meL85","Methylobacterium","C0",2960000,6.47129171105894
"e2","1","14dpi","S2","Com02","S2.02","meL85","Methylobacterium","C0",9840000,6.99299509843134
"e2","2","14dpi","S2","Com02","S2.02","meL85","Methylobacterium","C0",7380000,6.86805636182304
"e2","3","14dpi","S2","Com02","S2.02","meL85","Methylobacterium","C0",6050000,6.78175537465247
"e2","4","14dpi","S2","Com02","S2.02","meL85","Methylobacterium","C0",5610000,6.74896286125616
"e1","1","07dpi","S2","Com03","S2.03","meL85","Methylobacterium","C0",8240000,6.91592721169712
"e1","2","07dpi","S2","Com03","S2.03","meL85","Methylobacterium","C0",10300000,7.01283722470517
"e1","3","07dpi","S2","Com03","S2.03","meL85","Methylobacterium","C0",13600000,7.13353890837022
"e1","4","07dpi","S2","Com03","S2.03","meL85","Methylobacterium","C0",10100000,7.00432137378264
"e2","1","07dpi","S2","Com03","S2.03","meL85","Methylobacterium","C0",221000,5.34439227368511
"e2","2","07dpi","S2","Com03","S2.03","meL85","Methylobacterium","C0",1720000,6.23552844690755
"e2","3","07dpi","S2","Com03","S2.03","meL85","Methylobacterium","C0",152000,5.18184358794477
"e2","4","07dpi","S2","Com03","S2.03","meL85","Methylobacterium","C0",395000,5.59659709562646
"e1","1","14dpi","S2","Com03","S2.03","meL85","Methylobacterium","C0",3160000,6.4996870826184
"e1","2","14dpi","S2","Com03","S2.03","meL85","Methylobacterium","C0",3980000,6.59988307207369
"e1","3","14dpi","S2","Com03","S2.03","meL85","Methylobacterium","C0",7540000,6.87737134586977
"e1","4","14dpi","S2","Com03","S2.03","meL85","Methylobacterium","C0",2840000,6.45331834004704
"e2","1","14dpi","S2","Com03","S2.03","meL85","Methylobacterium","C0",11700000,7.06818586174616
"e2","2","14dpi","S2","Com03","S2.03","meL85","Methylobacterium","C0",8390000,6.9237619608287
"e2","3","14dpi","S2","Com03","S2.03","meL85","Methylobacterium","C0",3180000,6.50242711998443
"e2","4","14dpi","S2","Com03","S2.03","meL85","Methylobacterium","C0",5960000,6.77524625974024
"e1","1","07dpi","S2","Com08","S2.08","meL85","Methylobacterium","C0",17500000,7.2430380486863
"e1","2","07dpi","S2","Com08","S2.08","meL85","Methylobacterium","C0",15800000,7.19865708695442
"e1","3","07dpi","S2","Com08","S2.08","meL85","Methylobacterium","C0",2160000,6.33445375115093
"e1","4","07dpi","S2","Com08","S2.08","meL85","Methylobacterium","C0",8610000,6.93500315145365
"e2","1","07dpi","S2","Com08","S2.08","meL85","Methylobacterium","C0",6170000,6.79028516403324
"e2","2","07dpi","S2","Com08","S2.08","meL85","Methylobacterium","C0",8310000,6.91960102378411
"e2","3","07dpi","S2","Com08","S2.08","meL85","Methylobacterium","C0",9780000,6.9903388547876
"e2","4","07dpi","S2","Com08","S2.08","meL85","Methylobacterium","C0",12500000,7.09691001300806
"e1","1","14dpi","S2","Com08","S2.08","meL85","Methylobacterium","C0",27900000,7.4456042032736
"e1","2","14dpi","S2","Com08","S2.08","meL85","Methylobacterium","C0",20500000,7.31175386105575
"e1","3","14dpi","S2","Com08","S2.08","meL85","Methylobacterium","C0",23000000,7.36172783601759
"e1","4","14dpi","S2","Com08","S2.08","meL85","Methylobacterium","C0",10900000,7.03742649794062
"e1","1","07dpi","S2","Com12","S2.12","meL85","Methylobacterium","C0",13000000,7.11394335230684
"e1","2","07dpi","S2","Com12","S2.12","meL85","Methylobacterium","C0",3950000,6.59659709562646
"e1","3","07dpi","S2","Com12","S2.12","meL85","Methylobacterium","C0",9910000,6.99607365448528
"e1","4","07dpi","S2","Com12","S2.12","meL85","Methylobacterium","C0",16100000,7.20682587603185
"e2","1","07dpi","S2","Com12","S2.12","meL85","Methylobacterium","C0",5510000,6.74115159885179
"e2","2","07dpi","S2","Com12","S2.12","meL85","Methylobacterium","C0",9680000,6.98587535730839
"e2","3","07dpi","S2","Com12","S2.12","meL85","Methylobacterium","C0",6060000,6.78247262416629
"e2","4","07dpi","S2","Com12","S2.12","meL85","Methylobacterium","C0",1050000,6.02118929906994
"e1","1","14dpi","S2","Com12","S2.12","meL85","Methylobacterium","C0",87000000,7.93951925261862
"e1","2","14dpi","S2","Com12","S2.12","meL85","Methylobacterium","C0",70400000,7.84757265914211
"e1","3","14dpi","S2","Com12","S2.12","meL85","Methylobacterium","C0",29200000,7.46538285144842
"e1","4","14dpi","S2","Com12","S2.12","meL85","Methylobacterium","C0",49300000,7.69284691927723
"e1","1","07dpi","S2","Com03","S2.03","meL92","Methylobacterium","C1",8370000,6.92272545799326
"e1","2","07dpi","S2","Com03","S2.03","meL92","Methylobacterium","C1",17200000,7.23552844690755
"e1","3","07dpi","S2","Com03","S2.03","meL92","Methylobacterium","C1",13000000,7.11394335230684
"e1","4","07dpi","S2","Com03","S2.03","meL92","Methylobacterium","C1",10100000,7.00432137378264
"e2","1","07dpi","S2","Com03","S2.03","meL92","Methylobacterium","C1",8850000,6.94694327069783
"e2","2","07dpi","S2","Com03","S2.03","meL92","Methylobacterium","C1",9470000,6.97634997900327
"e2","3","07dpi","S2","Com03","S2.03","meL92","Methylobacterium","C1",6830000,6.83442070368153
"e2","4","07dpi","S2","Com03","S2.03","meL92","Methylobacterium","C1",10700000,7.02938377768521
"e1","1","14dpi","S2","Com03","S2.03","meL92","Methylobacterium","C1",1520000,6.18184358794477
"e1","2","14dpi","S2","Com03","S2.03","meL92","Methylobacterium","C1",4640000,6.66651798055488
"e1","3","14dpi","S2","Com03","S2.03","meL92","Methylobacterium","C1",5030000,6.70156798505593
"e1","4","14dpi","S2","Com03","S2.03","meL92","Methylobacterium","C1",3400000,6.53147891704226
"e2","1","14dpi","S2","Com03","S2.03","meL92","Methylobacterium","C1",251000000,8.39967372148104
"e2","2","14dpi","S2","Com03","S2.03","meL92","Methylobacterium","C1",168000000,8.22530928172586
"e2","3","14dpi","S2","Com03","S2.03","meL92","Methylobacterium","C1",174000000,8.2405492482826
"e2","4","14dpi","S2","Com03","S2.03","meL92","Methylobacterium","C1",61600000,7.78958071216443
"e1","1","07dpi","C","Com04","C.04","meL92","Methylobacterium","C0",31500000,7.4983105537896
"e1","2","07dpi","C","Com04","C.04","meL92","Methylobacterium","C0",29300000,7.46686762035411
"e1","3","07dpi","C","Com04","C.04","meL92","Methylobacterium","C0",16000000,7.20411998265593
"e1","4","07dpi","C","Com04","C.04","meL92","Methylobacterium","C0",4070000,6.60959440922522
"e2","1","07dpi","C","Com04","C.04","meL92","Methylobacterium","C0",45100000,7.65417654187796
"e2","2","07dpi","C","Com04","C.04","meL92","Methylobacterium","C0",35600000,7.55144999797287
"e2","3","07dpi","C","Com04","C.04","meL92","Methylobacterium","C0",28900000,7.46089784275655
"e2","4","07dpi","C","Com04","C.04","meL92","Methylobacterium","C0",7980000,6.90200289135073
"e1","1","07dpi","C","Com04","C.04","meL92","Methylobacterium","C1",16700000,7.22271647114758
"e1","2","07dpi","C","Com04","C.04","meL92","Methylobacterium","C1",26000000,7.41497334797082
"e1","3","07dpi","C","Com04","C.04","meL92","Methylobacterium","C1",10200000,7.00860017176192
"e1","4","07dpi","C","Com04","C.04","meL92","Methylobacterium","C1",3e+06,6.47712125471966
"e2","1","07dpi","C","Com04","C.04","meL92","Methylobacterium","C1",74000000,7.86923171973098
"e2","2","07dpi","C","Com04","C.04","meL92","Methylobacterium","C1",30900000,7.48995847942483
"e2","3","07dpi","C","Com04","C.04","meL92","Methylobacterium","C1",37800000,7.57749179983723
"e2","4","07dpi","C","Com04","C.04","meL92","Methylobacterium","C1",7980000,6.90200289135073
"e1","1","14dpi","C","Com04","C.04","meL92","Methylobacterium","C0",2480000,6.39445168082622
"e1","2","14dpi","C","Com04","C.04","meL92","Methylobacterium","C0",5720000,6.75739602879302
"e1","3","14dpi","C","Com04","C.04","meL92","Methylobacterium","C0",3300000,6.51851393987789
"e1","4","14dpi","C","Com04","C.04","meL92","Methylobacterium","C0",12100000,7.08278537031645
"e2","1","14dpi","C","Com04","C.04","meL92","Methylobacterium","C0",23900000,7.37839790094814
"e2","2","14dpi","C","Com04","C.04","meL92","Methylobacterium","C0",64900000,7.81224469680037
"e2","3","14dpi","C","Com04","C.04","meL92","Methylobacterium","C0",72700000,7.86153441085904
"e2","4","14dpi","C","Com04","C.04","meL92","Methylobacterium","C0",43900000,7.64246452024212
"e1","1","14dpi","C","Com04","C.04","meL92","Methylobacterium","C1",791000,5.89817648349768
"e1","2","14dpi","C","Com04","C.04","meL92","Methylobacterium","C1",4290000,6.63245729218472
"e1","3","14dpi","C","Com04","C.04","meL92","Methylobacterium","C1",1650000,6.21748394421391
"e1","4","14dpi","C","Com04","C.04","meL92","Methylobacterium","C1",3230000,6.5092025223311
"e2","1","14dpi","C","Com04","C.04","meL92","Methylobacterium","C1",38500000,7.5854607295085
"e2","2","14dpi","C","Com04","C.04","meL92","Methylobacterium","C1",31800000,7.50242711998443
"e2","3","14dpi","C","Com04","C.04","meL92","Methylobacterium","C1",38000000,7.57978359661681
"e2","4","14dpi","C","Com04","C.04","meL92","Methylobacterium","C1",35600000,7.55144999797287
"e1","1","07dpi","S2","Com05","S2.05","meL92","Methylobacterium","C0",2940000,6.46834733041216
"e1","2","07dpi","S2","Com05","S2.05","meL92","Methylobacterium","C0",7610000,6.88138465677057
"e1","3","07dpi","S2","Com05","S2.05","meL92","Methylobacterium","C0",6570000,6.81756536955978
"e1","4","07dpi","S2","Com05","S2.05","meL92","Methylobacterium","C0",1e+07,7
"e2","1","07dpi","S2","Com05","S2.05","meL92","Methylobacterium","C0",33400000,7.52374646681156
"e2","2","07dpi","S2","Com05","S2.05","meL92","Methylobacterium","C0",2e+07,7.30102999566398
"e2","3","07dpi","S2","Com05","S2.05","meL92","Methylobacterium","C0",29100000,7.46389298898591
"e2","4","07dpi","S2","Com05","S2.05","meL92","Methylobacterium","C0",18600000,7.26951294421792
"e1","1","14dpi","S2","Com05","S2.05","meL92","Methylobacterium","C0",37300000,7.57170883180869
"e1","2","14dpi","S2","Com05","S2.05","meL92","Methylobacterium","C0",38700000,7.58771096501891
"e1","3","14dpi","S2","Com05","S2.05","meL92","Methylobacterium","C0",17500000,7.2430380486863
"e1","4","14dpi","S2","Com05","S2.05","meL92","Methylobacterium","C0",2120000,6.32633586092875
"e2","1","14dpi","S2","Com05","S2.05","meL92","Methylobacterium","C0",71700000,7.8555191556678
"e2","2","14dpi","S2","Com05","S2.05","meL92","Methylobacterium","C0",179000000,8.25285303097989
"e2","3","14dpi","S2","Com05","S2.05","meL92","Methylobacterium","C0",156000000,8.19312459835446
"e2","4","14dpi","S2","Com05","S2.05","meL92","Methylobacterium","C0",1e+08,8
"e1","1","07dpi","S2","Com06","S2.06","meL92","Methylobacterium","C0",10400000,7.01703333929878
"e1","2","07dpi","S2","Com06","S2.06","meL92","Methylobacterium","C0",8760000,6.94250410616808
"e1","3","07dpi","S2","Com06","S2.06","meL92","Methylobacterium","C0",5260000,6.72098574415374
"e1","4","07dpi","S2","Com06","S2.06","meL92","Methylobacterium","C0",15800000,7.19865708695442
"e2","1","07dpi","S2","Com06","S2.06","meL92","Methylobacterium","C1",4950000,6.69460519893357
"e2","2","07dpi","S2","Com06","S2.06","meL92","Methylobacterium","C1",7690000,6.88592633980143
"e2","3","07dpi","S2","Com06","S2.06","meL92","Methylobacterium","C1",12400000,7.09342168516223
"e2","4","07dpi","S2","Com06","S2.06","meL92","Methylobacterium","C1",7390000,6.86864443839483
"e1","1","14dpi","S2","Com06","S2.06","meL92","Methylobacterium","C0",68000000,7.83250891270624
"e1","2","14dpi","S2","Com06","S2.06","meL92","Methylobacterium","C0",267000000,8.42651126136458
"e1","3","14dpi","S2","Com06","S2.06","meL92","Methylobacterium","C0",228000000,8.35793484700045
"e1","4","14dpi","S2","Com06","S2.06","meL92","Methylobacterium","C0",103000000,8.01283722470517
"e2","1","14dpi","S2","Com06","S2.06","meL92","Methylobacterium","C1",3840000,6.58433122436753
"e2","2","14dpi","S2","Com06","S2.06","meL92","Methylobacterium","C1",1760000,6.24551266781415
"e2","3","14dpi","S2","Com06","S2.06","meL92","Methylobacterium","C1",3040000,6.48287358360875
"e2","4","14dpi","S2","Com06","S2.06","meL92","Methylobacterium","C1",7070000,6.8494194137969
"e1","1","07dpi","S2","Com15","S2.15","meL92","Methylobacterium","C0",5770000,6.76117581315573
"e1","2","07dpi","S2","Com15","S2.15","meL92","Methylobacterium","C0",14600000,7.16435285578444
"e1","3","07dpi","S2","Com15","S2.15","meL92","Methylobacterium","C0",2530000,6.40312052117582
"e1","4","07dpi","S2","Com15","S2.15","meL92","Methylobacterium","C0",5700000,6.75587485567249
"e2","1","07dpi","S2","Com15","S2.15","meL92","Methylobacterium","C0",8500000,6.92941892571429
"e2","2","07dpi","S2","Com15","S2.15","meL92","Methylobacterium","C0",4080000,6.61066016308988
"e2","3","07dpi","S2","Com15","S2.15","meL92","Methylobacterium","C0",7770000,6.89042101880091
"e2","4","07dpi","S2","Com15","S2.15","meL92","Methylobacterium","C0",1e+07,7
"e1","1","14dpi","S2","Com15","S2.15","meL92","Methylobacterium","C0",83300000,7.92064500140679
"e1","2","14dpi","S2","Com15","S2.15","meL92","Methylobacterium","C0",75700000,7.87909587950007
"e1","3","14dpi","S2","Com15","S2.15","meL92","Methylobacterium","C0",34900000,7.54282542695918
"e1","4","14dpi","S2","Com15","S2.15","meL92","Methylobacterium","C0",66900000,7.82542611776782
"e2","1","14dpi","S2","Com15","S2.15","meL92","Methylobacterium","C0",132000000,8.12057393120585
"e2","2","14dpi","S2","Com15","S2.15","meL92","Methylobacterium","C0",131000000,8.11727129565576
"e2","3","14dpi","S2","Com15","S2.15","meL92","Methylobacterium","C0",169000000,8.22788670461367
"e2","4","14dpi","S2","Com15","S2.15","meL92","Methylobacterium","C0",83900000,7.9237619608287
"e1","1","07dpi","S2","Com02","S2.02","mr01","Methylobacterium","C1",21400000,7.33041377334919
"e1","2","07dpi","S2","Com02","S2.02","mr01","Methylobacterium","C1",34900000,7.54282542695918
"e1","3","07dpi","S2","Com02","S2.02","mr01","Methylobacterium","C1",23600000,7.37291200297011
"e1","4","07dpi","S2","Com02","S2.02","mr01","Methylobacterium","C1",45500000,7.65801139665711
"e2","1","07dpi","S2","Com02","S2.02","mr01","Methylobacterium","C1",24400000,7.38738982633873
"e2","2","07dpi","S2","Com02","S2.02","mr01","Methylobacterium","C1",12900000,7.11058971029925
"e2","3","07dpi","S2","Com02","S2.02","mr01","Methylobacterium","C1",38200000,7.58206336291171
"e2","4","07dpi","S2","Com02","S2.02","mr01","Methylobacterium","C1",73700000,7.86746748785905
"e1","1","14dpi","S2","Com02","S2.02","mr01","Methylobacterium","C1",88700000,7.94792361983173
"e1","2","14dpi","S2","Com02","S2.02","mr01","Methylobacterium","C1",72900000,7.86272752831797
"e1","3","14dpi","S2","Com02","S2.02","mr01","Methylobacterium","C1",53800000,7.73078227566639
"e1","4","14dpi","S2","Com02","S2.02","mr01","Methylobacterium","C1",71100000,7.85186960072977
"e2","1","14dpi","S2","Com02","S2.02","mr01","Methylobacterium","C1",129000000,8.11058971029925
"e2","2","14dpi","S2","Com02","S2.02","mr01","Methylobacterium","C1",59500000,7.77451696572855
"e2","3","14dpi","S2","Com02","S2.02","mr01","Methylobacterium","C1",72100000,7.85793526471943
"e2","4","14dpi","S2","Com02","S2.02","mr01","Methylobacterium","C1",79000000,7.89762709129044
"e1","1","07dpi","S2","Com05","S2.05","mr01","Methylobacterium","C1",16200000,7.20951501454263
"e1","2","07dpi","S2","Com05","S2.05","mr01","Methylobacterium","C1",27700000,7.44247976906445
"e1","3","07dpi","S2","Com05","S2.05","mr01","Methylobacterium","C1",30100000,7.47856649559384
"e1","4","07dpi","S2","Com05","S2.05","mr01","Methylobacterium","C1",18600000,7.26951294421792
"e2","1","07dpi","S2","Com05","S2.05","mr01","Methylobacterium","C1",33400000,7.52374646681156
"e2","2","07dpi","S2","Com05","S2.05","mr01","Methylobacterium","C1",11100000,7.04532297878666
"e2","3","07dpi","S2","Com05","S2.05","mr01","Methylobacterium","C1",13700000,7.13672056715641
"e2","4","07dpi","S2","Com05","S2.05","mr01","Methylobacterium","C1",11100000,7.04532297878666
"e1","1","14dpi","S2","Com05","S2.05","mr01","Methylobacterium","C1",189000000,8.27646180417324
"e1","2","14dpi","S2","Com05","S2.05","mr01","Methylobacterium","C1",118000000,8.07188200730613
"e1","3","14dpi","S2","Com05","S2.05","mr01","Methylobacterium","C1",79900000,7.90254677931399
"e1","4","14dpi","S2","Com05","S2.05","mr01","Methylobacterium","C1",179000000,8.25285303097989
"e2","1","14dpi","S2","Com05","S2.05","mr01","Methylobacterium","C1",65400000,7.81557774832427
"e2","2","14dpi","S2","Com05","S2.05","mr01","Methylobacterium","C1",124000000,8.09342168516224
"e2","3","14dpi","S2","Com05","S2.05","mr01","Methylobacterium","C1",97300000,7.98811284026835
"e2","4","14dpi","S2","Com05","S2.05","mr01","Methylobacterium","C1",89100000,7.94987770403687
"e1","1","07dpi","C","Com07","C.07","mr01","Methylobacterium","C0",28200000,7.45024910831936
"e1","2","07dpi","C","Com07","C.07","mr01","Methylobacterium","C0",8410000,6.92479599579791
"e1","3","07dpi","C","Com07","C.07","mr01","Methylobacterium","C0",613000,5.78746047451842
"e1","4","07dpi","C","Com07","C.07","mr01","Methylobacterium","C0",9520000,6.97863694838447
"e2","1","07dpi","C","Com07","C.07","mr01","Methylobacterium","C0",31900000,7.50379068305718
"e2","2","07dpi","C","Com07","C.07","mr01","Methylobacterium","C0",38200000,7.58206336291171
"e2","3","07dpi","C","Com07","C.07","mr01","Methylobacterium","C0",30200000,7.48000694295715
"e2","4","07dpi","C","Com07","C.07","mr01","Methylobacterium","C0",49300000,7.69284691927723
"e1","1","07dpi","C","Com07","C.07","mr01","Methylobacterium","C1",15400000,7.18752072083646
"e1","2","07dpi","C","Com07","C.07","mr01","Methylobacterium","C1",4090000,6.61172330800734
"e1","3","07dpi","C","Com07","C.07","mr01","Methylobacterium","C1",385000,5.5854607295085
"e1","4","07dpi","C","Com07","C.07","mr01","Methylobacterium","C1",11600000,7.06445798922692
"e2","1","07dpi","C","Com07","C.07","mr01","Methylobacterium","C1",19200000,7.28330122870355
"e2","2","07dpi","C","Com07","C.07","mr01","Methylobacterium","C1",44600000,7.64933485871214
"e2","3","07dpi","C","Com07","C.07","mr01","Methylobacterium","C1",16600000,7.22010808804005
"e2","4","07dpi","C","Com07","C.07","mr01","Methylobacterium","C1",40400000,7.6063813651106
"e1","1","14dpi","C","Com07","C.07","mr01","Methylobacterium","C0",55600000,7.74507479158206
"e1","2","14dpi","C","Com07","C.07","mr01","Methylobacterium","C0",38700000,7.58771096501891
"e1","3","14dpi","C","Com07","C.07","mr01","Methylobacterium","C0",14200000,7.15228834438306
"e1","4","14dpi","C","Com07","C.07","mr01","Methylobacterium","C0",17700000,7.24797326636181
"e1","1","14dpi","C","Com07","C.07","mr01","Methylobacterium","C1",39100000,7.59217675739587
"e1","2","14dpi","C","Com07","C.07","mr01","Methylobacterium","C1",25200000,7.40140054078154
"e1","3","14dpi","C","Com07","C.07","mr01","Methylobacterium","C1",12200000,7.08635983067475
"e1","4","14dpi","C","Com07","C.07","mr01","Methylobacterium","C1",16300000,7.21218760440396
"e1","1","07dpi","S2","Com09","S2.09","mr01","Methylobacterium","C0",30600000,7.48572142648158
"e1","2","07dpi","S2","Com09","S2.09","mr01","Methylobacterium","C0",65600000,7.81690383937566
"e1","3","07dpi","S2","Com09","S2.09","mr01","Methylobacterium","C0",60200000,7.77959649125782
"e1","4","07dpi","S2","Com09","S2.09","mr01","Methylobacterium","C0",67000000,7.82607480270083
"e2","1","07dpi","S2","Com09","S2.09","mr01","Methylobacterium","C0",59300000,7.77305469336426
"e2","2","07dpi","S2","Com09","S2.09","mr01","Methylobacterium","C0",48500000,7.68574173860226
"e2","3","07dpi","S2","Com09","S2.09","mr01","Methylobacterium","C0",138000000,8.13987908640124
"e2","4","07dpi","S2","Com09","S2.09","mr01","Methylobacterium","C0",56700000,7.75358305889291
"e1","1","14dpi","S2","Com09","S2.09","mr01","Methylobacterium","C0",61400000,7.78816837114117
"e1","2","14dpi","S2","Com09","S2.09","mr01","Methylobacterium","C0",67100000,7.82672252016899
"e1","3","14dpi","S2","Com09","S2.09","mr01","Methylobacterium","C0",37400000,7.57287160220048
"e1","4","14dpi","S2","Com09","S2.09","mr01","Methylobacterium","C0",43800000,7.6414741105041
"e1","1","07dpi","S2","Com14","S2.14","mr01","Methylobacterium","C0",33400000,7.52374646681156
"e1","2","07dpi","S2","Com14","S2.14","mr01","Methylobacterium","C0",2e+07,7.30102999566398
"e1","3","07dpi","S2","Com14","S2.14","mr01","Methylobacterium","C0",10400000,7.01703333929878
"e1","4","07dpi","S2","Com14","S2.14","mr01","Methylobacterium","C0",14600000,7.16435285578444
"e2","1","07dpi","S2","Com14","S2.14","mr01","Methylobacterium","C0",12700000,7.10380372095596
"e2","2","07dpi","S2","Com14","S2.14","mr01","Methylobacterium","C0",13000000,7.11394335230684
"e2","3","07dpi","S2","Com14","S2.14","mr01","Methylobacterium","C0",22300000,7.34830486304816
"e2","4","07dpi","S2","Com14","S2.14","mr01","Methylobacterium","C0",48100000,7.68214507637383
"e1","1","14dpi","S2","Com14","S2.14","mr01","Methylobacterium","C0",2.06e+09,9.31386722036915
"e1","2","14dpi","S2","Com14","S2.14","mr01","Methylobacterium","C0",1.6e+08,8.20411998265593
"e1","3","14dpi","S2","Com14","S2.14","mr01","Methylobacterium","C0",1.6e+08,8.20411998265593
"e1","4","14dpi","S2","Com14","S2.14","mr01","Methylobacterium","C0",90200000,7.95520653754194
"e2","1","14dpi","S2","Com14","S2.14","mr01","Methylobacterium","C0",128000000,8.10720996964787
"e2","2","14dpi","S2","Com14","S2.14","mr01","Methylobacterium","C0",97900000,7.99078269180314
"e2","3","14dpi","S2","Com14","S2.14","mr01","Methylobacterium","C0",238000000,8.37657695705651
"e2","4","14dpi","S2","Com14","S2.14","mr01","Methylobacterium","C0",91700000,7.96236933567002
"e1","1","07dpi","S2","Com06","S2.06","smfr1","Sphingomonas","C0",21500000,7.3324384599156
"e1","2","07dpi","S2","Com06","S2.06","smfr1","Sphingomonas","C0",8360000,6.92220627743902
"e1","3","07dpi","S2","Com06","S2.06","smfr1","Sphingomonas","C0",60500000,7.78175537465247
"e1","4","07dpi","S2","Com06","S2.06","smfr1","Sphingomonas","C0",43600000,7.63948648926859
"e2","1","07dpi","S2","Com06","S2.06","smfr1","Sphingomonas","C1",289000000,8.46089784275655
"e2","2","07dpi","S2","Com06","S2.06","smfr1","Sphingomonas","C1",49000000,7.69019608002851
"e2","3","07dpi","S2","Com06","S2.06","smfr1","Sphingomonas","C1",119000000,8.07554696139253
"e2","4","07dpi","S2","Com06","S2.06","smfr1","Sphingomonas","C1",283000000,8.45178643552429
"e1","1","14dpi","S2","Com06","S2.06","smfr1","Sphingomonas","C0",20500000,7.31175386105575
"e1","2","14dpi","S2","Com06","S2.06","smfr1","Sphingomonas","C0",3710000,6.56937390961505
"e1","3","14dpi","S2","Com06","S2.06","smfr1","Sphingomonas","C0",4060000,6.60852603357719
"e1","4","14dpi","S2","Com06","S2.06","smfr1","Sphingomonas","C0",25300000,7.40312052117582
"e2","1","14dpi","S2","Com06","S2.06","smfr1","Sphingomonas","C1",4.9e+08,8.69019608002851
"e2","2","14dpi","S2","Com06","S2.06","smfr1","Sphingomonas","C1",329000000,8.51719589794997
"e2","3","14dpi","S2","Com06","S2.06","smfr1","Sphingomonas","C1",2.1e+08,8.32221929473392
"e2","4","14dpi","S2","Com06","S2.06","smfr1","Sphingomonas","C1",90200000,7.95520653754194
"e1","1","07dpi","S2","Com08","S2.08","smfr1","Sphingomonas","C1",105000000,8.02118929906994
"e1","2","07dpi","S2","Com08","S2.08","smfr1","Sphingomonas","C1",86800000,7.93851972517649
"e1","3","07dpi","S2","Com08","S2.08","smfr1","Sphingomonas","C1",48600000,7.68663626926229
"e1","4","07dpi","S2","Com08","S2.08","smfr1","Sphingomonas","C1",47200000,7.67394199863409
"e2","1","07dpi","S2","Com08","S2.08","smfr1","Sphingomonas","C1",52400000,7.71933128698373
"e2","2","07dpi","S2","Com08","S2.08","smfr1","Sphingomonas","C1",76200000,7.8819549713396
"e2","3","07dpi","S2","Com08","S2.08","smfr1","Sphingomonas","C1",104000000,8.01703333929878
"e2","4","07dpi","S2","Com08","S2.08","smfr1","Sphingomonas","C1",89700000,7.95279244304409
"e1","1","14dpi","S2","Com08","S2.08","smfr1","Sphingomonas","C1",107000000,8.02938377768521
"e1","2","14dpi","S2","Com08","S2.08","smfr1","Sphingomonas","C1",121000000,8.08278537031645
"e1","3","14dpi","S2","Com08","S2.08","smfr1","Sphingomonas","C1",31000000,7.49136169383427
"e1","4","14dpi","S2","Com08","S2.08","smfr1","Sphingomonas","C1",59200000,7.77232170672292
"e1","1","07dpi","S2","Com09","S2.09","smfr1","Sphingomonas","C1",28100000,7.44870631990508
"e1","2","07dpi","S2","Com09","S2.09","smfr1","Sphingomonas","C1",30600000,7.48572142648158
"e1","3","07dpi","S2","Com09","S2.09","smfr1","Sphingomonas","C1",43300000,7.63648789635337
"e1","4","07dpi","S2","Com09","S2.09","smfr1","Sphingomonas","C1",47600000,7.67760695272049
"e2","1","07dpi","S2","Com09","S2.09","smfr1","Sphingomonas","C1",49400000,7.69372694892365
"e2","2","07dpi","S2","Com09","S2.09","smfr1","Sphingomonas","C1",43900000,7.64246452024212
"e2","3","07dpi","S2","Com09","S2.09","smfr1","Sphingomonas","C1",40700000,7.60959440922522
"e2","4","07dpi","S2","Com09","S2.09","smfr1","Sphingomonas","C1",50700000,7.70500795933334
"e1","1","14dpi","S2","Com09","S2.09","smfr1","Sphingomonas","C1",93900000,7.97266559226611
"e1","2","14dpi","S2","Com09","S2.09","smfr1","Sphingomonas","C1",142000000,8.15228834438306
"e1","3","14dpi","S2","Com09","S2.09","smfr1","Sphingomonas","C1",187000000,8.2718416065365
"e1","4","14dpi","S2","Com09","S2.09","smfr1","Sphingomonas","C1",26700000,7.42651126136457
"e1","1","07dpi","C","Com10","C.10","smfr1","Sphingomonas","C0",41300000,7.6159500516564
"e1","2","07dpi","C","Com10","C.10","smfr1","Sphingomonas","C0",54100000,7.73319726510657
"e1","3","07dpi","C","Com10","C.10","smfr1","Sphingomonas","C0",23800000,7.37657695705651
"e1","4","07dpi","C","Com10","C.10","smfr1","Sphingomonas","C0",41800000,7.62117628177504
"e2","1","07dpi","C","Com10","C.10","smfr1","Sphingomonas","C0",1200000,6.07918124604763
"e2","2","07dpi","C","Com10","C.10","smfr1","Sphingomonas","C0",1800000,6.25527250510331
"e2","3","07dpi","C","Com10","C.10","smfr1","Sphingomonas","C0",2400000,6.38021124171161
"e2","4","07dpi","C","Com10","C.10","smfr1","Sphingomonas","C0",3200000,6.50514997831991
"e1","1","07dpi","C","Com10","C.10","smfr1","Sphingomonas","C1",9710000,6.987219229908
"e1","2","07dpi","C","Com10","C.10","smfr1","Sphingomonas","C1",8730000,6.94101424370557
"e1","3","07dpi","C","Com10","C.10","smfr1","Sphingomonas","C1",3520000,6.54654266347813
"e1","4","07dpi","C","Com10","C.10","smfr1","Sphingomonas","C1",3320000,6.52113808370404
"e2","1","07dpi","C","Com10","C.10","smfr1","Sphingomonas","C1",2600000,6.41497334797082
"e2","2","07dpi","C","Com10","C.10","smfr1","Sphingomonas","C1",2200000,6.34242268082221
"e2","3","07dpi","C","Com10","C.10","smfr1","Sphingomonas","C1",3e+06,6.47712125471966
"e2","4","07dpi","C","Com10","C.10","smfr1","Sphingomonas","C1",3200000,6.50514997831991
"e1","1","14dpi","C","Com10","C.10","smfr1","Sphingomonas","C0",20500000,7.31175386105575
"e1","2","14dpi","C","Com10","C.10","smfr1","Sphingomonas","C0",47000000,7.67209785793572
"e1","3","14dpi","C","Com10","C.10","smfr1","Sphingomonas","C0",26600000,7.42488163663107
"e1","4","14dpi","C","Com10","C.10","smfr1","Sphingomonas","C0",16100000,7.20682587603185
"e2","1","14dpi","C","Com10","C.10","smfr1","Sphingomonas","C0",6200000,6.79239168949825
"e2","2","14dpi","C","Com10","C.10","smfr1","Sphingomonas","C0",12000000,7.07918124604763
"e2","3","14dpi","C","Com10","C.10","smfr1","Sphingomonas","C0",3800000,6.57978359661681
"e2","4","14dpi","C","Com10","C.10","smfr1","Sphingomonas","C0",8e+06,6.90308998699194
"e1","1","14dpi","C","Com10","C.10","smfr1","Sphingomonas","C1",796000,5.90091306773767
"e1","2","14dpi","C","Com10","C.10","smfr1","Sphingomonas","C1",1760000,6.24551266781415
"e1","3","14dpi","C","Com10","C.10","smfr1","Sphingomonas","C1",121000,5.08278537031645
"e1","4","14dpi","C","Com10","C.10","smfr1","Sphingomonas","C1",53800,4.73078227566639
"e2","1","14dpi","C","Com10","C.10","smfr1","Sphingomonas","C1",22000000,7.34242268082221
"e2","2","14dpi","C","Com10","C.10","smfr1","Sphingomonas","C1",26000000,7.41497334797082
"e2","3","14dpi","C","Com10","C.10","smfr1","Sphingomonas","C1",12000000,7.07918124604763
"e2","4","14dpi","C","Com10","C.10","smfr1","Sphingomonas","C1",14000000,7.14612803567824
"e1","1","07dpi","S2","Com11","S2.11","smfr1","Sphingomonas","C1",33700000,7.52762990087134
"e1","2","07dpi","S2","Com11","S2.11","smfr1","Sphingomonas","C1",95400000,7.9795483747041
"e1","3","07dpi","S2","Com11","S2.11","smfr1","Sphingomonas","C1",46600000,7.66838591669
"e1","4","07dpi","S2","Com11","S2.11","smfr1","Sphingomonas","C1",67700000,7.83058866868514
"e2","1","07dpi","S2","Com11","S2.11","smfr1","Sphingomonas","C1",38400000,7.58433122436753
"e2","2","07dpi","S2","Com11","S2.11","smfr1","Sphingomonas","C1",27800000,7.44404479591808
"e2","3","07dpi","S2","Com11","S2.11","smfr1","Sphingomonas","C1",15200000,7.18184358794477
"e2","4","07dpi","S2","Com11","S2.11","smfr1","Sphingomonas","C1",55200000,7.7419390777292
"e1","1","14dpi","S2","Com11","S2.11","smfr1","Sphingomonas","C1",54200000,7.73399928653839
"e1","2","14dpi","S2","Com11","S2.11","smfr1","Sphingomonas","C1",29000000,7.46239799789896
"e1","3","14dpi","S2","Com11","S2.11","smfr1","Sphingomonas","C1",26000000,7.41497334797082
"e1","4","14dpi","S2","Com11","S2.11","smfr1","Sphingomonas","C1",50700000,7.70500795933334
"e1","1","07dpi","S2","Com11","S2.11","spfa2","Sphingomonas","C0",63000000,7.79934054945358
"e1","2","07dpi","S2","Com11","S2.11","spfa2","Sphingomonas","C0",141000000,8.14921911265538
"e1","3","07dpi","S2","Com11","S2.11","spfa2","Sphingomonas","C0",59900000,7.77742682238931
"e1","4","07dpi","S2","Com11","S2.11","spfa2","Sphingomonas","C0",63900000,7.8055008581584
"e2","1","07dpi","S2","Com11","S2.11","spfa2","Sphingomonas","C0",72600000,7.86093662070009
"e2","2","07dpi","S2","Com11","S2.11","spfa2","Sphingomonas","C0",38100000,7.58092497567562
"e2","3","07dpi","S2","Com11","S2.11","spfa2","Sphingomonas","C0",25300000,7.40312052117582
"e2","4","07dpi","S2","Com11","S2.11","spfa2","Sphingomonas","C0",51400000,7.71096311899528
"e1","1","14dpi","S2","Com11","S2.11","spfa2","Sphingomonas","C0",73300000,7.86510397464113
"e1","2","14dpi","S2","Com11","S2.11","spfa2","Sphingomonas","C0",83400000,7.92116605063774
"e1","3","14dpi","S2","Com11","S2.11","spfa2","Sphingomonas","C0",47300000,7.67486114073781
"e1","4","14dpi","S2","Com11","S2.11","spfa2","Sphingomonas","C0",77600000,7.88986172125819
"e1","1","07dpi","S2","Com12","S2.12","spfa2","Sphingomonas","C1",61200000,7.78675142214556
"e1","2","07dpi","S2","Com12","S2.12","spfa2","Sphingomonas","C1",14800000,7.17026171539496
"e1","3","07dpi","S2","Com12","S2.12","spfa2","Sphingomonas","C1",30800000,7.48855071650044
"e1","4","07dpi","S2","Com12","S2.12","spfa2","Sphingomonas","C1",22100000,7.34439227368511
"e2","1","07dpi","S2","Com12","S2.12","spfa2","Sphingomonas","C1",35300000,7.54777470538782
"e2","2","07dpi","S2","Com12","S2.12","spfa2","Sphingomonas","C1",48400000,7.68484536164441
"e2","3","07dpi","S2","Com12","S2.12","spfa2","Sphingomonas","C1",38600000,7.58658730467176
"e2","4","07dpi","S2","Com12","S2.12","spfa2","Sphingomonas","C1",101000000,8.00432137378264
"e1","1","14dpi","S2","Com12","S2.12","spfa2","Sphingomonas","C1",56100000,7.74896286125616
"e1","2","14dpi","S2","Com12","S2.12","spfa2","Sphingomonas","C1",81200000,7.90955602924118
"e1","3","14dpi","S2","Com12","S2.12","spfa2","Sphingomonas","C1",61200000,7.78675142214556
"e1","4","14dpi","S2","Com12","S2.12","spfa2","Sphingomonas","C1",86300000,7.93601079571521
"e1","1","07dpi","C","Com13","C.13","spfa2","Sphingomonas","C0",20200000,7.30535136944662
"e1","2","07dpi","C","Com13","C.13","spfa2","Sphingomonas","C0",17100000,7.23299611039215
"e1","3","07dpi","C","Com13","C.13","spfa2","Sphingomonas","C0",23100000,7.36361197989214
"e1","4","07dpi","C","Com13","C.13","spfa2","Sphingomonas","C0",24400000,7.38738982633873
"e2","1","07dpi","C","Com13","C.13","spfa2","Sphingomonas","C0",35700000,7.55266821611219
"e2","2","07dpi","C","Com13","C.13","spfa2","Sphingomonas","C0",28000000,7.44715803134222
"e2","3","07dpi","C","Com13","C.13","spfa2","Sphingomonas","C0",22400000,7.35024801833416
"e2","4","07dpi","C","Com13","C.13","spfa2","Sphingomonas","C0",24400000,7.38738982633873
"e1","1","07dpi","C","Com13","C.13","spfa2","Sphingomonas","C1",26000000,7.41497334797082
"e1","2","07dpi","C","Com13","C.13","spfa2","Sphingomonas","C1",22800000,7.35793484700045
"e1","3","07dpi","C","Com13","C.13","spfa2","Sphingomonas","C1",29400000,7.46834733041216
"e1","4","07dpi","C","Com13","C.13","spfa2","Sphingomonas","C1",19000000,7.27875360095283
"e2","1","07dpi","C","Com13","C.13","spfa2","Sphingomonas","C1",43300000,7.63648789635337
"e2","2","07dpi","C","Com13","C.13","spfa2","Sphingomonas","C1",10800000,7.03342375548695
"e2","3","07dpi","C","Com13","C.13","spfa2","Sphingomonas","C1",16000000,7.20411998265593
"e2","4","07dpi","C","Com13","C.13","spfa2","Sphingomonas","C1",16300000,7.21218760440396
"e1","1","14dpi","C","Com13","C.13","spfa2","Sphingomonas","C0",57400000,7.75891189239797
"e1","2","14dpi","C","Com13","C.13","spfa2","Sphingomonas","C0",41200000,7.61489721603313
"e1","3","14dpi","C","Com13","C.13","spfa2","Sphingomonas","C0",175000000,8.2430380486863
"e1","4","14dpi","C","Com13","C.13","spfa2","Sphingomonas","C0",143000000,8.15533603746506
"e1","1","14dpi","C","Com13","C.13","spfa2","Sphingomonas","C1",37400000,7.57287160220048
"e1","2","14dpi","C","Com13","C.13","spfa2","Sphingomonas","C1",32200000,7.50785587169583
"e1","3","14dpi","C","Com13","C.13","spfa2","Sphingomonas","C1",123000000,8.0899051114394
"e1","4","14dpi","C","Com13","C.13","spfa2","Sphingomonas","C1",76400000,7.88309335857569
"e1","1","07dpi","S2","Com14","S2.14","spfa2","Sphingomonas","C1",64400000,7.80888586735981
"e1","2","07dpi","S2","Com14","S2.14","spfa2","Sphingomonas","C1",44200000,7.64542226934909
"e1","3","07dpi","S2","Com14","S2.14","spfa2","Sphingomonas","C1",18000000,7.25527250510331
"e1","4","07dpi","S2","Com14","S2.14","spfa2","Sphingomonas","C1",43900000,7.64246452024212
"e2","1","07dpi","S2","Com14","S2.14","spfa2","Sphingomonas","C1",57100000,7.75663610824585
"e2","2","07dpi","S2","Com14","S2.14","spfa2","Sphingomonas","C1",38700000,7.58771096501891
"e2","3","07dpi","S2","Com14","S2.14","spfa2","Sphingomonas","C1",53000000,7.72427586960079
"e2","4","07dpi","S2","Com14","S2.14","spfa2","Sphingomonas","C1",96300000,7.98362628712453
"e1","1","14dpi","S2","Com14","S2.14","spfa2","Sphingomonas","C1",139000000,8.1430148002541
"e1","2","14dpi","S2","Com14","S2.14","spfa2","Sphingomonas","C1",171000000,8.23299611039215
"e1","3","14dpi","S2","Com14","S2.14","spfa2","Sphingomonas","C1",1.8e+08,8.25527250510331
"e1","4","14dpi","S2","Com14","S2.14","spfa2","Sphingomonas","C1",1e+08,8
"e2","1","14dpi","S2","Com14","S2.14","spfa2","Sphingomonas","C1",73300000,7.86510397464113
"e2","2","14dpi","S2","Com14","S2.14","spfa2","Sphingomonas","C1",97900000,7.99078269180314
"e2","3","14dpi","S2","Com14","S2.14","spfa2","Sphingomonas","C1",208000000,8.31806333496276
"e2","4","14dpi","S2","Com14","S2.14","spfa2","Sphingomonas","C1",147000000,8.16731733474818
"e1","1","07dpi","S2","Com15","S2.15","spfa2","Sphingomonas","C1",30600000,7.48572142648158
"e1","2","07dpi","S2","Com15","S2.15","spfa2","Sphingomonas","C1",83400000,7.92116605063774
"e1","3","07dpi","S2","Com15","S2.15","spfa2","Sphingomonas","C1",36600000,7.56348108539441
"e1","4","07dpi","S2","Com15","S2.15","spfa2","Sphingomonas","C1",78700000,7.89597473235906
"e2","1","07dpi","S2","Com15","S2.15","spfa2","Sphingomonas","C1",36400000,7.56110138364906
"e2","2","07dpi","S2","Com15","S2.15","spfa2","Sphingomonas","C1",29100000,7.46389298898591
"e2","3","07dpi","S2","Com15","S2.15","spfa2","Sphingomonas","C1",50300000,7.70156798505593
"e2","4","07dpi","S2","Com15","S2.15","spfa2","Sphingomonas","C1",45900000,7.66181268553726
"e1","1","14dpi","S2","Com15","S2.15","spfa2","Sphingomonas","C1",2.9e+08,8.46239799789896
"e1","2","14dpi","S2","Com15","S2.15","spfa2","Sphingomonas","C1",1.1e+08,8.04139268515823
"e1","3","14dpi","S2","Com15","S2.15","spfa2","Sphingomonas","C1",161000000,8.20682587603185
"e1","4","14dpi","S2","Com15","S2.15","spfa2","Sphingomonas","C1",76000000,7.88081359228079
"e2","1","14dpi","S2","Com15","S2.15","spfa2","Sphingomonas","C1",206000000,8.31386722036915
"e2","2","14dpi","S2","Com15","S2.15","spfa2","Sphingomonas","C1",496000000,8.6954816764902
"e2","3","14dpi","S2","Com15","S2.15","spfa2","Sphingomonas","C1",145000000,8.16136800223497
"e2","4","14dpi","S2","Com15","S2.15","spfa2","Sphingomonas","C1",132000000,8.12057393120585
"e1","1","07dpi","S3","Com01","S3.01","meL85","Methylobacterium","C2",69700,4.84323277809801
"e1","1","07dpi","S3","Com01","S3.01","smfr1","Sphingomonas","C0",13900000,7.1430148002541
"e1","1","07dpi","S3","Com01","S3.01","spfa2","Sphingomonas","C1",40100000,7.60314437262018
"e1","2","07dpi","S3","Com01","S3.01","meL85","Methylobacterium","C2",190000,5.27875360095283
"e1","2","07dpi","S3","Com01","S3.01","smfr1","Sphingomonas","C0",12700000,7.10380372095596
"e1","2","07dpi","S3","Com01","S3.01","spfa2","Sphingomonas","C1",33800000,7.52891670027766
"e1","3","07dpi","S3","Com01","S3.01","meL85","Methylobacterium","C2",249000,5.39619934709574
"e1","3","07dpi","S3","Com01","S3.01","smfr1","Sphingomonas","C0",24900000,7.39619934709574
"e1","3","07dpi","S3","Com01","S3.01","spfa2","Sphingomonas","C1",22700000,7.35602585719312
"e1","4","07dpi","S3","Com01","S3.01","meL85","Methylobacterium","C2",496000,5.6954816764902
"e1","4","07dpi","S3","Com01","S3.01","smfr1","Sphingomonas","C0",8620000,6.93550726582471
"e1","4","07dpi","S3","Com01","S3.01","spfa2","Sphingomonas","C1",8620000,6.93550726582471
"e1","1","07dpi","S3","Com02","S3.02","meL92","Methylobacterium","C2",3980000,6.59988307207369
"e1","1","07dpi","S3","Com02","S3.02","smfr1","Sphingomonas","C0",16400000,7.2148438480477
"e1","1","07dpi","S3","Com02","S3.02","spfa2","Sphingomonas","C1",2570000,6.40993312333129
"e1","2","07dpi","S3","Com02","S3.02","meL92","Methylobacterium","C2",4490000,6.65224634100332
"e1","2","07dpi","S3","Com02","S3.02","smfr1","Sphingomonas","C0",21500000,7.3324384599156
"e1","2","07dpi","S3","Com02","S3.02","spfa2","Sphingomonas","C1",7810000,6.8926510338773
"e1","3","07dpi","S3","Com02","S3.02","meL92","Methylobacterium","C2",2430000,6.38560627359831
"e1","3","07dpi","S3","Com02","S3.02","smfr1","Sphingomonas","C0",8110000,6.90902085421116
"e1","3","07dpi","S3","Com02","S3.02","spfa2","Sphingomonas","C1",30400000,7.48287358360875
"e1","4","07dpi","S3","Com02","S3.02","meL92","Methylobacterium","C2",710000,5.85125834871908
"e1","4","07dpi","S3","Com02","S3.02","smfr1","Sphingomonas","C0",14200000,7.15228834438306
"e1","4","07dpi","S3","Com02","S3.02","spfa2","Sphingomonas","C1",39100000,7.59217675739587
"e1","1","07dpi","S3","Com03","S3.03","mr01","Methylobacterium","C2",3120000,6.49415459401844
"e1","1","07dpi","S3","Com03","S3.03","smfr1","Sphingomonas","C0",8320000,6.92012332629072
"e1","1","07dpi","S3","Com03","S3.03","spfa2","Sphingomonas","C1",4160000,6.61909333062674
"e1","2","07dpi","S3","Com03","S3.03","mr01","Methylobacterium","C2",4090000,6.61172330800734
"e1","2","07dpi","S3","Com03","S3.03","smfr1","Sphingomonas","C0",3220000,6.50785587169583
"e1","2","07dpi","S3","Com03","S3.03","spfa2","Sphingomonas","C1",1750000,6.2430380486863
"e1","3","07dpi","S3","Com03","S3.03","mr01","Methylobacterium","C2",1520000,6.18184358794477
"e1","3","07dpi","S3","Com03","S3.03","smfr1","Sphingomonas","C0",5410000,6.73319726510657
"e1","3","07dpi","S3","Com03","S3.03","spfa2","Sphingomonas","C1",1950000,6.29003461136252
"e1","4","07dpi","S3","Com03","S3.03","mr01","Methylobacterium","C2",3170000,6.50105926221775
"e1","4","07dpi","S3","Com03","S3.03","smfr1","Sphingomonas","C0",21800000,7.3384564936046
"e1","4","07dpi","S3","Com03","S3.03","spfa2","Sphingomonas","C1",19800000,7.29666519026153
"e1","1","07dpi","S3","Com04","S3.04","meL85","Methylobacterium","C1",923000,5.96520170102591
"e1","1","07dpi","S3","Com04","S3.04","meL92","Methylobacterium","C2",3870000,6.58771096501891
"e1","1","07dpi","S3","Com04","S3.04","smfr1","Sphingomonas","C0",16600000,7.22010808804005
"e1","2","07dpi","S3","Com04","S3.04","meL85","Methylobacterium","C1",821000,5.91434315711944
"e1","2","07dpi","S3","Com04","S3.04","meL92","Methylobacterium","C2",1230000,6.0899051114394
"e1","2","07dpi","S3","Com04","S3.04","smfr1","Sphingomonas","C0",12300000,7.0899051114394
"e1","3","07dpi","S3","Com04","S3.04","meL85","Methylobacterium","C1",1120000,6.04921802267018
"e1","3","07dpi","S3","Com04","S3.04","meL92","Methylobacterium","C2",2610000,6.41664050733828
"e1","3","07dpi","S3","Com04","S3.04","smfr1","Sphingomonas","C0",13000000,7.11394335230684
"e1","4","07dpi","S3","Com04","S3.04","meL85","Methylobacterium","C1",636000,5.80345711564841
"e1","4","07dpi","S3","Com04","S3.04","meL92","Methylobacterium","C2",1700000,6.23044892137827
"e1","4","07dpi","S3","Com04","S3.04","smfr1","Sphingomonas","C0",5090000,6.70671778233676
"e1","1","07dpi","S3","Com05","S3.05","meL85","Methylobacterium","C1",249000,5.39619934709574
"e1","1","07dpi","S3","Com05","S3.05","mr01","Methylobacterium","C2",2820000,6.45024910831936
"e1","1","07dpi","S3","Com05","S3.05","smfr1","Sphingomonas","C0",24900000,7.39619934709574
"e1","2","07dpi","S3","Com05","S3.05","meL85","Methylobacterium","C1",373000,5.57170883180869
"e1","2","07dpi","S3","Com05","S3.05","mr01","Methylobacterium","C2",2660000,6.42488163663107
"e1","2","07dpi","S3","Com05","S3.05","smfr1","Sphingomonas","C0",5590000,6.74741180788642
"e1","3","07dpi","S3","Com05","S3.05","meL85","Methylobacterium","C1",390000,5.5910646070265
"e1","3","07dpi","S3","Com05","S3.05","mr01","Methylobacterium","C2",2730000,6.43616264704076
"e1","3","07dpi","S3","Com05","S3.05","smfr1","Sphingomonas","C0",3320000,6.52113808370404
"e1","4","07dpi","S3","Com05","S3.05","meL85","Methylobacterium","C1",249000,5.39619934709574
"e1","4","07dpi","S3","Com05","S3.05","mr01","Methylobacterium","C2",3530000,6.54777470538782
"e1","4","07dpi","S3","Com05","S3.05","smfr1","Sphingomonas","C0",4360000,6.63948648926859
"e1","1","07dpi","S3","Com06","S3.06","meL92","Methylobacterium","C1",969000,5.98632377705077
"e1","1","07dpi","S3","Com06","S3.06","mr01","Methylobacterium","C2",807000,5.90687353472207
"e1","1","07dpi","S3","Com06","S3.06","smfr1","Sphingomonas","C0",4040000,6.6063813651106
"e1","2","07dpi","S3","Com06","S3.06","meL92","Methylobacterium","C1",938000,5.97220283837906
"e1","2","07dpi","S3","Com06","S3.06","mr01","Methylobacterium","C2",2630000,6.41995574848976
"e1","2","07dpi","S3","Com06","S3.06","smfr1","Sphingomonas","C0",6190000,6.79169064902012
"e1","3","07dpi","S3","Com06","S3.06","meL92","Methylobacterium","C1",1780000,6.25042000230889
"e1","3","07dpi","S3","Com06","S3.06","mr01","Methylobacterium","C2",2670000,6.42651126136457
"e1","3","07dpi","S3","Com06","S3.06","smfr1","Sphingomonas","C0",4310000,6.63447727016073
"e1","4","07dpi","S3","Com06","S3.06","meL92","Methylobacterium","C1",727000,5.86153441085904
"e1","4","07dpi","S3","Com06","S3.06","mr01","Methylobacterium","C2",4180000,6.62117628177504
"e1","4","07dpi","S3","Com06","S3.06","smfr1","Sphingomonas","C0",4e+06,6.60205999132796
"e1","1","07dpi","S3","Com07","S3.07","meL85","Methylobacterium","C0",58300,4.76566855475901
"e1","1","07dpi","S3","Com07","S3.07","meL92","Methylobacterium","C2",1940000,6.28780172993023
"e1","1","07dpi","S3","Com07","S3.07","spfa2","Sphingomonas","C1",11700000,7.06818586174616
"e1","2","07dpi","S3","Com07","S3.07","meL85","Methylobacterium","C0",64700,4.8109042806687
"e1","2","07dpi","S3","Com07","S3.07","meL92","Methylobacterium","C2",1940000,6.28780172993023
"e1","2","07dpi","S3","Com07","S3.07","spfa2","Sphingomonas","C1",12900000,7.11058971029925
"e1","3","07dpi","S3","Com07","S3.07","meL85","Methylobacterium","C0",107000,5.02938377768521
"e1","3","07dpi","S3","Com07","S3.07","meL92","Methylobacterium","C2",1340000,6.12710479836481
"e1","3","07dpi","S3","Com07","S3.07","spfa2","Sphingomonas","C1",10700000,7.02938377768521
"e1","4","07dpi","S3","Com07","S3.07","meL85","Methylobacterium","C0",189000,5.27646180417324
"e1","4","07dpi","S3","Com07","S3.07","meL92","Methylobacterium","C2",1650000,6.21748394421391
"e1","4","07dpi","S3","Com07","S3.07","spfa2","Sphingomonas","C1",14200000,7.15228834438306
"e1","1","07dpi","S3","Com08","S3.08","meL85","Methylobacterium","C0",455000,5.65801139665711
"e1","1","07dpi","S3","Com08","S3.08","mr01","Methylobacterium","C2",28400000,7.45331834004704
"e1","1","07dpi","S3","Com08","S3.08","spfa2","Sphingomonas","C1",37900000,7.57863920996807
"e1","2","07dpi","S3","Com08","S3.08","meL85","Methylobacterium","C0",172000,5.23552844690755
"e1","2","07dpi","S3","Com08","S3.08","mr01","Methylobacterium","C2",7100000,6.85125834871908
"e1","2","07dpi","S3","Com08","S3.08","spfa2","Sphingomonas","C1",23700000,7.3747483460101
"e1","3","07dpi","S3","Com08","S3.08","meL85","Methylobacterium","C0",58100,4.76417613239033
"e1","3","07dpi","S3","Com08","S3.08","mr01","Methylobacterium","C2",2620000,6.41830129131975
"e1","3","07dpi","S3","Com08","S3.08","spfa2","Sphingomonas","C1",11600000,7.06445798922692
"e1","4","07dpi","S3","Com08","S3.08","meL85","Methylobacterium","C0",83100,4.91960102378411
"e1","4","07dpi","S3","Com08","S3.08","mr01","Methylobacterium","C2",2330000,6.36735592102602
"e1","4","07dpi","S3","Com08","S3.08","spfa2","Sphingomonas","C1",11600000,7.06445798922692
"e1","1","07dpi","S3","Com09","S3.09","meL92","Methylobacterium","C0",1100000,6.04139268515823
"e1","1","07dpi","S3","Com09","S3.09","mr01","Methylobacterium","C2",2210000,6.34439227368511
"e1","1","07dpi","S3","Com09","S3.09","spfa2","Sphingomonas","C1",22100000,7.34439227368511
"e1","2","07dpi","S3","Com09","S3.09","meL92","Methylobacterium","C0",583000,5.76566855475901
"e1","2","07dpi","S3","Com09","S3.09","mr01","Methylobacterium","C2",5050000,6.70329137811866
"e1","2","07dpi","S3","Com09","S3.09","spfa2","Sphingomonas","C1",29200000,7.46538285144842
"e1","3","07dpi","S3","Com09","S3.09","meL92","Methylobacterium","C0",698000,5.84385542262316
"e1","3","07dpi","S3","Com09","S3.09","mr01","Methylobacterium","C2",2090000,6.32014628611105
"e1","3","07dpi","S3","Com09","S3.09","spfa2","Sphingomonas","C1",4190000,6.6222140229663
"e1","4","07dpi","S3","Com09","S3.09","meL92","Methylobacterium","C0",929000,5.96801571399364
"e1","4","07dpi","S3","Com09","S3.09","mr01","Methylobacterium","C2",6690000,6.82542611776782
"e1","4","07dpi","S3","Com09","S3.09","spfa2","Sphingomonas","C1",13000000,7.11394335230684
"e1","1","07dpi","S3","Com10","S3.10","meL85","Methylobacterium","C0",1170000,6.06818586174616
"e1","1","07dpi","S3","Com10","S3.10","meL92","Methylobacterium","C1",4210000,6.62428209583567
"e1","1","07dpi","S3","Com10","S3.10","mr01","Methylobacterium","C2",1640000,6.2148438480477
"e1","2","07dpi","S3","Com10","S3.10","meL85","Methylobacterium","C0",158000,5.19865708695442
"e1","2","07dpi","S3","Com10","S3.10","meL92","Methylobacterium","C1",2710000,6.4329692908744
"e1","2","07dpi","S3","Com10","S3.10","mr01","Methylobacterium","C2",3160000,6.4996870826184
"e1","3","07dpi","S3","Com10","S3.10","meL85","Methylobacterium","C0",575000,5.75966784468963
"e1","3","07dpi","S3","Com10","S3.10","meL92","Methylobacterium","C1",1010000,6.00432137378264
"e1","3","07dpi","S3","Com10","S3.10","mr01","Methylobacterium","C2",4450000,6.64836001098093
"e1","4","07dpi","S3","Com10","S3.10","meL85","Methylobacterium","C0",112000,5.04921802267018
"e1","4","07dpi","S3","Com10","S3.10","meL92","Methylobacterium","C1",7490000,6.87448181769947
"e1","4","07dpi","S3","Com10","S3.10","mr01","Methylobacterium","C2",2470000,6.39269695325967
"e1","1","14dpi","S3","Com01","S3.01","meL85","Methylobacterium","C2",2720000,6.4345689040342
"e1","1","14dpi","S3","Com01","S3.01","smfr1","Sphingomonas","C0",28800000,7.45939248775923
"e1","1","14dpi","S3","Com01","S3.01","spfa2","Sphingomonas","C1",33600000,7.52633927738984
"e1","2","14dpi","S3","Com01","S3.01","meL85","Methylobacterium","C2",3540000,6.54900326202579
"e1","2","14dpi","S3","Com01","S3.01","smfr1","Sphingomonas","C0",14200000,7.15228834438306
"e1","2","14dpi","S3","Com01","S3.01","spfa2","Sphingomonas","C1",26500000,7.42324587393681
"e1","3","14dpi","S3","Com01","S3.01","meL85","Methylobacterium","C2",1040000,6.01703333929878
"e1","3","14dpi","S3","Com01","S3.01","smfr1","Sphingomonas","C0",29000000,7.46239799789896
"e1","3","14dpi","S3","Com01","S3.01","spfa2","Sphingomonas","C1",28000000,7.44715803134222
"e1","4","14dpi","S3","Com01","S3.01","meL85","Methylobacterium","C2",1630000,6.21218760440396
"e1","4","14dpi","S3","Com01","S3.01","smfr1","Sphingomonas","C0",20900000,7.32014628611105
"e1","4","14dpi","S3","Com01","S3.01","spfa2","Sphingomonas","C1",31300000,7.49554433754645
"e1","1","14dpi","S3","Com02","S3.02","meL92","Methylobacterium","C2",4040000,6.6063813651106
"e1","1","14dpi","S3","Com02","S3.02","smfr1","Sphingomonas","C0",23300000,7.36735592102602
"e1","1","14dpi","S3","Com02","S3.02","spfa2","Sphingomonas","C1",38000000,7.57978359661681
"e1","2","14dpi","S3","Com02","S3.02","meL92","Methylobacterium","C2",4030000,6.60530504614111
"e1","2","14dpi","S3","Com02","S3.02","smfr1","Sphingomonas","C0",12200000,7.08635983067475
"e1","2","14dpi","S3","Com02","S3.02","spfa2","Sphingomonas","C1",15900000,7.20139712432045
"e1","3","14dpi","S3","Com02","S3.02","meL92","Methylobacterium","C2",2680000,6.42813479402879
"e1","3","14dpi","S3","Com02","S3.02","smfr1","Sphingomonas","C0",15900000,7.20139712432045
"e1","3","14dpi","S3","Com02","S3.02","spfa2","Sphingomonas","C1",12900000,7.11058971029925
"e1","4","14dpi","S3","Com02","S3.02","meL92","Methylobacterium","C2",3630000,6.55990662503611
"e1","4","14dpi","S3","Com02","S3.02","smfr1","Sphingomonas","C0",19600000,7.29225607135648
"e1","4","14dpi","S3","Com02","S3.02","spfa2","Sphingomonas","C1",22400000,7.35024801833416
"e1","1","14dpi","S3","Com03","S3.03","mr01","Methylobacterium","C2",4250000,6.62838893005031
"e1","1","14dpi","S3","Com03","S3.03","smfr1","Sphingomonas","C0",25500000,7.40654018043396
"e1","1","14dpi","S3","Com03","S3.03","spfa2","Sphingomonas","C1",9570000,6.98091193777684
"e1","2","14dpi","S3","Com03","S3.03","mr01","Methylobacterium","C2",4450000,6.64836001098093
"e1","2","14dpi","S3","Com03","S3.03","smfr1","Sphingomonas","C0",31300000,7.49554433754645
"e1","2","14dpi","S3","Com03","S3.03","spfa2","Sphingomonas","C1",41200000,7.61489721603313
"e1","3","14dpi","S3","Com03","S3.03","mr01","Methylobacterium","C2",7270000,6.86153441085904
"e1","3","14dpi","S3","Com03","S3.03","smfr1","Sphingomonas","C0",21800000,7.3384564936046
"e1","3","14dpi","S3","Com03","S3.03","spfa2","Sphingomonas","C1",13600000,7.13353890837022
"e1","4","14dpi","S3","Com03","S3.03","mr01","Methylobacterium","C2",8730000,6.94101424370557
"e1","4","14dpi","S3","Com03","S3.03","smfr1","Sphingomonas","C0",12600000,7.10037054511756
"e1","4","14dpi","S3","Com03","S3.03","spfa2","Sphingomonas","C1",16500000,7.21748394421391
"e1","1","14dpi","S3","Com04","S3.04","meL85","Methylobacterium","C1",1750000,6.2430380486863
"e1","1","14dpi","S3","Com04","S3.04","meL92","Methylobacterium","C2",11700000,7.06818586174616
"e1","1","14dpi","S3","Com04","S3.04","smfr1","Sphingomonas","C0",16000000,7.20411998265593
"e1","2","14dpi","S3","Com04","S3.04","meL85","Methylobacterium","C1",1700000,6.23044892137827
"e1","2","14dpi","S3","Com04","S3.04","meL92","Methylobacterium","C2",8490000,6.92890769024395
"e1","2","14dpi","S3","Com04","S3.04","smfr1","Sphingomonas","C0",23000000,7.36172783601759
"e1","3","14dpi","S3","Com04","S3.04","meL85","Methylobacterium","C1",1480000,6.17026171539496
"e1","3","14dpi","S3","Com04","S3.04","meL92","Methylobacterium","C2",6840000,6.83505610172012
"e1","3","14dpi","S3","Com04","S3.04","smfr1","Sphingomonas","C0",25100000,7.39967372148104
"e1","4","14dpi","S3","Com04","S3.04","meL85","Methylobacterium","C1",1160000,6.06445798922692
"e1","4","14dpi","S3","Com04","S3.04","meL92","Methylobacterium","C2",6770000,6.83058866868514
"e1","4","14dpi","S3","Com04","S3.04","smfr1","Sphingomonas","C0",14500000,7.16136800223498
"e1","1","14dpi","S3","Com05","S3.05","meL85","Methylobacterium","C1",683000,5.83442070368153
"e1","1","14dpi","S3","Com05","S3.05","mr01","Methylobacterium","C2",8980000,6.9532763366673
"e1","1","14dpi","S3","Com05","S3.05","smfr1","Sphingomonas","C0",8090000,6.90794852161227
"e1","2","14dpi","S3","Com05","S3.05","meL85","Methylobacterium","C1",661000,5.82020145948564
"e1","2","14dpi","S3","Com05","S3.05","mr01","Methylobacterium","C2",8620000,6.93550726582471
"e1","2","14dpi","S3","Com05","S3.05","smfr1","Sphingomonas","C0",10500000,7.02118929906994
"e1","3","14dpi","S3","Com05","S3.05","meL85","Methylobacterium","C1",486000,5.68663626926229
"e1","3","14dpi","S3","Com05","S3.05","mr01","Methylobacterium","C2",10500000,7.02118929906994
"e1","3","14dpi","S3","Com05","S3.05","smfr1","Sphingomonas","C0",6480000,6.81157500587059
"e1","4","14dpi","S3","Com05","S3.05","meL85","Methylobacterium","C1",368000,5.56584781867352
"e1","4","14dpi","S3","Com05","S3.05","mr01","Methylobacterium","C2",5620000,6.74973631556906
"e1","4","14dpi","S3","Com05","S3.05","smfr1","Sphingomonas","C0",17400000,7.2405492482826
"e1","1","14dpi","S3","Com06","S3.06","meL92","Methylobacterium","C1",35200000,7.54654266347813
"e1","1","14dpi","S3","Com06","S3.06","mr01","Methylobacterium","C2",5510000,6.74115159885179
"e1","1","14dpi","S3","Com06","S3.06","smfr1","Sphingomonas","C0",28600000,7.45636603312904
"e1","2","14dpi","S3","Com06","S3.06","meL92","Methylobacterium","C1",51800000,7.71432975974523
"e1","2","14dpi","S3","Com06","S3.06","mr01","Methylobacterium","C2",3040000,6.48287358360875
"e1","2","14dpi","S3","Com06","S3.06","smfr1","Sphingomonas","C0",23200000,7.3654879848909
"e1","3","14dpi","S3","Com06","S3.06","meL92","Methylobacterium","C1",NA,NA
"e1","3","14dpi","S3","Com06","S3.06","mr01","Methylobacterium","C2",6350000,6.80277372529198
"e1","3","14dpi","S3","Com06","S3.06","smfr1","Sphingomonas","C0",16500000,7.21748394421391
"e1","4","14dpi","S3","Com06","S3.06","meL92","Methylobacterium","C1",21400000,7.33041377334919
"e1","4","14dpi","S3","Com06","S3.06","mr01","Methylobacterium","C2",12600000,7.10037054511756
"e1","4","14dpi","S3","Com06","S3.06","smfr1","Sphingomonas","C0",26400000,7.42160392686983
"e1","1","14dpi","S3","Com07","S3.07","meL85","Methylobacterium","C0",99400,4.99738638439731
"e1","1","14dpi","S3","Com07","S3.07","meL92","Methylobacterium","C2",3550000,6.55022835305509
"e1","1","14dpi","S3","Com07","S3.07","spfa2","Sphingomonas","C1",14200000,7.15228834438306
"e1","2","14dpi","S3","Com07","S3.07","meL85","Methylobacterium","C0",2120000,6.32633586092875
"e1","2","14dpi","S3","Com07","S3.07","meL92","Methylobacterium","C2",4440000,6.64738297011462
"e1","2","14dpi","S3","Com07","S3.07","spfa2","Sphingomonas","C1",31700000,7.50105926221775
"e1","3","14dpi","S3","Com07","S3.07","meL85","Methylobacterium","C0",224000,5.35024801833416
"e1","3","14dpi","S3","Com07","S3.07","meL92","Methylobacterium","C2",3310000,6.51982799377572
"e1","3","14dpi","S3","Com07","S3.07","spfa2","Sphingomonas","C1",17700000,7.24797326636181
"e1","4","14dpi","S3","Com07","S3.07","meL85","Methylobacterium","C0",340000,5.53147891704226
"e1","4","14dpi","S3","Com07","S3.07","meL92","Methylobacterium","C2",2270000,6.35602585719312
"e1","4","14dpi","S3","Com07","S3.07","spfa2","Sphingomonas","C1",13600000,7.13353890837022
"e1","1","14dpi","S3","Com08","S3.08","meL85","Methylobacterium","C0",152000,5.18184358794477
"e1","1","14dpi","S3","Com08","S3.08","mr01","Methylobacterium","C2",4440000,6.64738297011462
"e1","1","14dpi","S3","Com08","S3.08","spfa2","Sphingomonas","C1",2920000,6.46538285144842
"e1","2","14dpi","S3","Com08","S3.08","meL85","Methylobacterium","C0",73500,4.8662873390842
"e1","2","14dpi","S3","Com08","S3.08","mr01","Methylobacterium","C2",6070000,6.78318869107526
"e1","2","14dpi","S3","Com08","S3.08","spfa2","Sphingomonas","C1",2940000,6.46834733041216
"e1","3","14dpi","S3","Com08","S3.08","meL85","Methylobacterium","C0",138000,5.13987908640124
"e1","3","14dpi","S3","Com08","S3.08","mr01","Methylobacterium","C2",5280000,6.72263392253381
"e1","3","14dpi","S3","Com08","S3.08","spfa2","Sphingomonas","C1",11500000,7.06069784035361
"e1","4","14dpi","S3","Com08","S3.08","meL85","Methylobacterium","C0",828000,5.91803033678488
"e1","4","14dpi","S3","Com08","S3.08","mr01","Methylobacterium","C2",4280000,6.63144376901317
"e1","4","14dpi","S3","Com08","S3.08","spfa2","Sphingomonas","C1",20700000,7.31597034545692
"e1","1","14dpi","S3","Com09","S3.09","meL92","Methylobacterium","C0",1370000,6.13672056715641
"e1","1","14dpi","S3","Com09","S3.09","mr01","Methylobacterium","C2",8430000,6.92582757462474
"e1","1","14dpi","S3","Com09","S3.09","spfa2","Sphingomonas","C1",25300000,7.40312052117582
"e1","2","14dpi","S3","Com09","S3.09","meL92","Methylobacterium","C0",1710000,6.23299611039215
"e1","2","14dpi","S3","Com09","S3.09","mr01","Methylobacterium","C2",5710000,6.75663610824585
"e1","2","14dpi","S3","Com09","S3.09","spfa2","Sphingomonas","C1",2e+07,7.30102999566398
"e1","3","14dpi","S3","Com09","S3.09","meL92","Methylobacterium","C0",1410000,6.14921911265538
"e1","3","14dpi","S3","Com09","S3.09","mr01","Methylobacterium","C2",11300000,7.05307844348342
"e1","3","14dpi","S3","Com09","S3.09","spfa2","Sphingomonas","C1",18300000,7.26245108973043
"e1","4","14dpi","S3","Com09","S3.09","meL92","Methylobacterium","C0",494000,5.69372694892365
"e1","4","14dpi","S3","Com09","S3.09","mr01","Methylobacterium","C2",3260000,6.51321760006794
"e1","4","14dpi","S3","Com09","S3.09","spfa2","Sphingomonas","C1",22700000,7.35602585719312
"e1","1","14dpi","S3","Com10","S3.10","meL85","Methylobacterium","C0",1420000,6.15228834438306
"e1","1","14dpi","S3","Com10","S3.10","meL92","Methylobacterium","C1",11900000,7.07554696139253
"e1","1","14dpi","S3","Com10","S3.10","mr01","Methylobacterium","C2",3440000,6.53655844257153
"e1","2","14dpi","S3","Com10","S3.10","meL85","Methylobacterium","C0",484000,5.68484536164441
"e1","2","14dpi","S3","Com10","S3.10","meL92","Methylobacterium","C1",5810000,6.76417613239033
"e1","2","14dpi","S3","Com10","S3.10","mr01","Methylobacterium","C2",2320000,6.3654879848909
"e1","3","14dpi","S3","Com10","S3.10","meL85","Methylobacterium","C0",1170000,6.06818586174616
"e1","3","14dpi","S3","Com10","S3.10","meL92","Methylobacterium","C1",9110000,6.959518376973
"e1","3","14dpi","S3","Com10","S3.10","mr01","Methylobacterium","C2",3640000,6.56110138364906
"e1","4","14dpi","S3","Com10","S3.10","meL85","Methylobacterium","C0",592000,5.77232170672292
"e1","4","14dpi","S3","Com10","S3.10","meL92","Methylobacterium","C1",4440000,6.64738297011462
"e1","4","14dpi","S3","Com10","S3.10","mr01","Methylobacterium","C2",4440000,6.64738297011462
"e2","1","07dpi","S3","Com01","S3.01","meL85","Methylobacterium","C2",46300,4.66558099101795
"e2","1","07dpi","S3","Com01","S3.01","smfr1","Sphingomonas","C0",4170000,6.62013605497376
"e2","1","07dpi","S3","Com01","S3.01","spfa2","Sphingomonas","C1",5090000,6.70671778233676
"e2","2","07dpi","S3","Com01","S3.01","meL85","Methylobacterium","C2",18000,4.25527250510331
"e2","2","07dpi","S3","Com01","S3.01","smfr1","Sphingomonas","C0",1970000,6.29446622616159
"e2","2","07dpi","S3","Com01","S3.01","spfa2","Sphingomonas","C1",5030000,6.70156798505593
"e2","3","07dpi","S3","Com01","S3.01","meL85","Methylobacterium","C2",47700,4.67851837904011
"e2","3","07dpi","S3","Com01","S3.01","smfr1","Sphingomonas","C0",6210000,6.79309160017658
"e2","3","07dpi","S3","Com01","S3.01","spfa2","Sphingomonas","C1",6680000,6.82477646247555
"e2","4","07dpi","S3","Com01","S3.01","meL85","Methylobacterium","C2",484000,5.68484536164441
"e2","4","07dpi","S3","Com01","S3.01","smfr1","Sphingomonas","C0",5590000,6.74741180788642
"e2","4","07dpi","S3","Com01","S3.01","spfa2","Sphingomonas","C1",8940000,6.95133751879592
"e2","1","07dpi","S3","Com02","S3.02","meL92","Methylobacterium","C2",2450000,6.38916608436453
"e2","1","07dpi","S3","Com02","S3.02","smfr1","Sphingomonas","C0",1120000,6.04921802267018
"e2","1","07dpi","S3","Com02","S3.02","spfa2","Sphingomonas","C1",3060000,6.48572142648158
"e2","2","07dpi","S3","Com02","S3.02","meL92","Methylobacterium","C2",231000,5.36361197989214
"e2","2","07dpi","S3","Com02","S3.02","smfr1","Sphingomonas","C0",6070000,6.78318869107526
"e2","2","07dpi","S3","Com02","S3.02","spfa2","Sphingomonas","C1",4910000,6.69108149212297
"e2","3","07dpi","S3","Com02","S3.02","meL92","Methylobacterium","C2",709000,5.85064623518307
"e2","3","07dpi","S3","Com02","S3.02","smfr1","Sphingomonas","C0",3340000,6.52374646681156
"e2","3","07dpi","S3","Com02","S3.02","spfa2","Sphingomonas","C1",2530000,6.40312052117582
"e2","4","07dpi","S3","Com02","S3.02","meL92","Methylobacterium","C2",914000,5.96094619573383
"e2","4","07dpi","S3","Com02","S3.02","smfr1","Sphingomonas","C0",2440000,6.38738982633873
"e2","4","07dpi","S3","Com02","S3.02","spfa2","Sphingomonas","C1",13200000,7.12057393120585
"e2","1","07dpi","S3","Com03","S3.03","mr01","Methylobacterium","C2",613000,5.78746047451842
"e2","1","07dpi","S3","Com03","S3.03","smfr1","Sphingomonas","C0",3750000,6.57403126772772
"e2","1","07dpi","S3","Com03","S3.03","spfa2","Sphingomonas","C1",7840000,6.89431606268444
"e2","2","07dpi","S3","Com03","S3.03","mr01","Methylobacterium","C2",3110000,6.49276038902684
"e2","2","07dpi","S3","Com03","S3.03","smfr1","Sphingomonas","C0",13000000,7.11394335230684
"e2","2","07dpi","S3","Com03","S3.03","spfa2","Sphingomonas","C1",13000000,7.11394335230684
"e2","3","07dpi","S3","Com03","S3.03","mr01","Methylobacterium","C2",4440000,6.64738297011462
"e2","3","07dpi","S3","Com03","S3.03","smfr1","Sphingomonas","C0",7690000,6.88592633980143
"e2","3","07dpi","S3","Com03","S3.03","spfa2","Sphingomonas","C1",7400000,6.86923171973098
"e2","4","07dpi","S3","Com03","S3.03","mr01","Methylobacterium","C2",2300000,6.36172783601759
"e2","4","07dpi","S3","Com03","S3.03","smfr1","Sphingomonas","C0",6030000,6.78031731214015
"e2","4","07dpi","S3","Com03","S3.03","spfa2","Sphingomonas","C1",4020000,6.60422605308447
"e2","1","07dpi","S3","Com04","S3.04","meL85","Methylobacterium","C1",21000,4.32221929473392
"e2","1","07dpi","S3","Com04","S3.04","meL92","Methylobacterium","C2",839000,5.9237619608287
"e2","1","07dpi","S3","Com04","S3.04","smfr1","Sphingomonas","C0",16800000,7.22530928172586
"e2","2","07dpi","S3","Com04","S3.04","meL85","Methylobacterium","C1",276000,5.44090908206522
"e2","2","07dpi","S3","Com04","S3.04","meL92","Methylobacterium","C2",2340000,6.36921585741014
"e2","2","07dpi","S3","Com04","S3.04","smfr1","Sphingomonas","C0",27600000,7.44090908206522
"e2","3","07dpi","S3","Com04","S3.04","meL85","Methylobacterium","C1",67600,4.82994669594164
"e2","3","07dpi","S3","Com04","S3.04","meL92","Methylobacterium","C2",574000,5.75891189239797
"e2","3","07dpi","S3","Com04","S3.04","smfr1","Sphingomonas","C0",20300000,7.30749603791321
"e2","4","07dpi","S3","Com04","S3.04","meL85","Methylobacterium","C1",145000,5.16136800223498
"e2","4","07dpi","S3","Com04","S3.04","meL92","Methylobacterium","C2",627000,5.79726754083072
"e2","4","07dpi","S3","Com04","S3.04","smfr1","Sphingomonas","C0",21700000,7.33645973384853
"e2","1","07dpi","S3","Com05","S3.05","meL85","Methylobacterium","C1",537000,5.72997428569956
"e2","1","07dpi","S3","Com05","S3.05","mr01","Methylobacterium","C2",8060000,6.90633504180509
"e2","1","07dpi","S3","Com05","S3.05","smfr1","Sphingomonas","C0",9400000,6.9731278535997
"e2","2","07dpi","S3","Com05","S3.05","meL85","Methylobacterium","C1",172000,5.23552844690755
"e2","2","07dpi","S3","Com05","S3.05","mr01","Methylobacterium","C2",3450000,6.53781909507327
"e2","2","07dpi","S3","Com05","S3.05","smfr1","Sphingomonas","C0",17200000,7.23552844690755
"e2","3","07dpi","S3","Com05","S3.05","meL85","Methylobacterium","C1",698000,5.84385542262316
"e2","3","07dpi","S3","Com05","S3.05","mr01","Methylobacterium","C2",3490000,6.54282542695918
"e2","3","07dpi","S3","Com05","S3.05","smfr1","Sphingomonas","C0",16300000,7.21218760440396
"e2","4","07dpi","S3","Com05","S3.05","meL85","Methylobacterium","C1",306000,5.48572142648158
"e2","4","07dpi","S3","Com05","S3.05","mr01","Methylobacterium","C2",3820000,6.58206336291171
"e2","4","07dpi","S3","Com05","S3.05","smfr1","Sphingomonas","C0",3820000,6.58206336291171
"e2","1","07dpi","S3","Com06","S3.06","meL92","Methylobacterium","C1",639000,5.8055008581584
"e2","1","07dpi","S3","Com06","S3.06","mr01","Methylobacterium","C2",2320000,6.3654879848909
"e2","1","07dpi","S3","Com06","S3.06","smfr1","Sphingomonas","C0",5520000,6.7419390777292
"e2","2","07dpi","S3","Com06","S3.06","meL92","Methylobacterium","C1",888000,5.9484129657786
"e2","2","07dpi","S3","Com06","S3.06","mr01","Methylobacterium","C2",906000,5.95712819767681
"e2","2","07dpi","S3","Com06","S3.06","smfr1","Sphingomonas","C0",21700000,7.33645973384853
"e2","3","07dpi","S3","Com06","S3.06","meL92","Methylobacterium","C1",843000,5.92582757462474
"e2","3","07dpi","S3","Com06","S3.06","mr01","Methylobacterium","C2",1260000,6.10037054511756
"e2","3","07dpi","S3","Com06","S3.06","smfr1","Sphingomonas","C0",11200000,7.04921802267018
"e2","4","07dpi","S3","Com06","S3.06","meL92","Methylobacterium","C1",1570000,6.19589965240923
"e2","4","07dpi","S3","Com06","S3.06","mr01","Methylobacterium","C2",3410000,6.5327543789925
"e2","4","07dpi","S3","Com06","S3.06","smfr1","Sphingomonas","C0",10500000,7.02118929906994
"e2","1","07dpi","S3","Com07","S3.07","meL85","Methylobacterium","C0",82400,4.91592721169712
"e2","1","07dpi","S3","Com07","S3.07","meL92","Methylobacterium","C2",185000,5.26717172840301
"e2","1","07dpi","S3","Com07","S3.07","spfa2","Sphingomonas","C1",3090000,6.48995847942483
"e2","2","07dpi","S3","Com07","S3.07","meL85","Methylobacterium","C0",17100,4.23299611039215
"e2","2","07dpi","S3","Com07","S3.07","meL92","Methylobacterium","C2",103000,5.01283722470517
"e2","2","07dpi","S3","Com07","S3.07","spfa2","Sphingomonas","C1",8560000,6.93247376467715
"e2","3","07dpi","S3","Com07","S3.07","meL85","Methylobacterium","C0",24000,4.38021124171161
"e2","3","07dpi","S3","Com07","S3.07","meL92","Methylobacterium","C2",95800,4.98136550907854
"e2","3","07dpi","S3","Com07","S3.07","spfa2","Sphingomonas","C1",16800000,7.22530928172586
"e2","4","07dpi","S3","Com07","S3.07","meL85","Methylobacterium","C0",164000,5.2148438480477
"e2","4","07dpi","S3","Com07","S3.07","meL92","Methylobacterium","C2",281000,5.44870631990508
"e2","4","07dpi","S3","Com07","S3.07","spfa2","Sphingomonas","C1",14000000,7.14612803567824
"e2","1","07dpi","S3","Com08","S3.08","meL85","Methylobacterium","C0",20200,4.30535136944662
"e2","1","07dpi","S3","Com08","S3.08","mr01","Methylobacterium","C2",222000,5.34635297445064
"e2","1","07dpi","S3","Com08","S3.08","spfa2","Sphingomonas","C1",2220000,6.34635297445064
"e2","2","07dpi","S3","Com08","S3.08","meL85","Methylobacterium","C0",16000,4.20411998265593
"e2","2","07dpi","S3","Com08","S3.08","mr01","Methylobacterium","C2",449000,5.65224634100332
"e2","2","07dpi","S3","Com08","S3.08","spfa2","Sphingomonas","C1",16000000,7.20411998265593
"e2","3","07dpi","S3","Com08","S3.08","meL85","Methylobacterium","C0",50600,4.7041505168398
"e2","3","07dpi","S3","Com08","S3.08","mr01","Methylobacterium","C2",253000,5.40312052117582
"e2","3","07dpi","S3","Com08","S3.08","spfa2","Sphingomonas","C1",2030000,6.30749603791321
"e2","4","07dpi","S3","Com08","S3.08","meL85","Methylobacterium","C0",21100,4.32428245529769
"e2","4","07dpi","S3","Com08","S3.08","mr01","Methylobacterium","C2",338000,5.52891670027766
"e2","4","07dpi","S3","Com08","S3.08","spfa2","Sphingomonas","C1",10600000,7.02530586526477
"e2","1","07dpi","S3","Com09","S3.09","meL92","Methylobacterium","C0",381000,5.58092497567562
"e2","1","07dpi","S3","Com09","S3.09","mr01","Methylobacterium","C2",953000,5.97909290063833
"e2","1","07dpi","S3","Com09","S3.09","spfa2","Sphingomonas","C1",9530000,6.97909290063833
"e2","2","07dpi","S3","Com09","S3.09","meL92","Methylobacterium","C0",239000,5.37839790094814
"e2","2","07dpi","S3","Com09","S3.09","mr01","Methylobacterium","C2",703000,5.84695532501982
"e2","2","07dpi","S3","Com09","S3.09","spfa2","Sphingomonas","C1",7030000,6.84695532501982
"e2","3","07dpi","S3","Com09","S3.09","meL92","Methylobacterium","C0",652000,5.81424759573192
"e2","3","07dpi","S3","Com09","S3.09","mr01","Methylobacterium","C2",1480000,6.17026171539496
"e2","3","07dpi","S3","Com09","S3.09","spfa2","Sphingomonas","C1",3560000,6.55144999797287
"e2","4","07dpi","S3","Com09","S3.09","meL92","Methylobacterium","C0",310000,5.49136169383427
"e2","4","07dpi","S3","Com09","S3.09","mr01","Methylobacterium","C2",1550000,6.19033169817029
"e2","4","07dpi","S3","Com09","S3.09","spfa2","Sphingomonas","C1",2850000,6.45484486000851
"e2","1","07dpi","S3","Com10","S3.10","meL85","Methylobacterium","C0",30400,4.48287358360875
"e2","1","07dpi","S3","Com10","S3.10","meL92","Methylobacterium","C1",213000,5.32837960343874
"e2","1","07dpi","S3","Com10","S3.10","mr01","Methylobacterium","C2",122000,5.08635983067475
"e2","2","07dpi","S3","Com10","S3.10","meL85","Methylobacterium","C0",13600,4.13353890837022
"e2","2","07dpi","S3","Com10","S3.10","meL92","Methylobacterium","C1",204000,5.3096301674259
"e2","2","07dpi","S3","Com10","S3.10","mr01","Methylobacterium","C2",218000,5.3384564936046
"e2","3","07dpi","S3","Com10","S3.10","meL85","Methylobacterium","C0",102000,5.00860017176192
"e2","3","07dpi","S3","Com10","S3.10","meL92","Methylobacterium","C1",512000,5.70926996097583
"e2","3","07dpi","S3","Com10","S3.10","mr01","Methylobacterium","C2",372000,5.5705429398819
"e2","4","07dpi","S3","Com10","S3.10","meL85","Methylobacterium","C0",15600,4.19312459835446
"e2","4","07dpi","S3","Com10","S3.10","meL92","Methylobacterium","C1",109000,5.03742649794062
"e2","4","07dpi","S3","Com10","S3.10","mr01","Methylobacterium","C2",62500,4.79588001734407
"e2","1","14dpi","S3","Com01","S3.01","meL85","Methylobacterium","C2",7050,3.8481891169914
"e2","1","14dpi","S3","Com01","S3.01","smfr1","Sphingomonas","C0",5640000,6.75127910398334
"e2","1","14dpi","S3","Com01","S3.01","spfa2","Sphingomonas","C1",7760000,6.88986172125819
"e2","2","14dpi","S3","Com01","S3.01","meL85","Methylobacterium","C2",9410,3.97358962342726
"e2","2","14dpi","S3","Com01","S3.01","smfr1","Sphingomonas","C0",9410000,6.97358962342726
"e2","2","14dpi","S3","Com01","S3.01","spfa2","Sphingomonas","C1",11300000,7.05307844348342
"e2","3","14dpi","S3","Com01","S3.01","meL85","Methylobacterium","C2",8400,3.92427928606188
"e2","3","14dpi","S3","Com01","S3.01","smfr1","Sphingomonas","C0",5040000,6.70243053644553
"e2","3","14dpi","S3","Com01","S3.01","spfa2","Sphingomonas","C1",17600000,7.24551266781415
"e2","4","14dpi","S3","Com01","S3.01","meL85","Methylobacterium","C2",5760,3.76042248342321
"e2","4","14dpi","S3","Com01","S3.01","smfr1","Sphingomonas","C0",5190000,6.71516735784846
"e2","4","14dpi","S3","Com01","S3.01","spfa2","Sphingomonas","C1",6920000,6.84010609445676
"e2","1","14dpi","S3","Com02","S3.02","meL92","Methylobacterium","C2",2190000,6.34044411484012
"e2","1","14dpi","S3","Com02","S3.02","smfr1","Sphingomonas","C0",31000000,7.49136169383427
"e2","1","14dpi","S3","Com02","S3.02","spfa2","Sphingomonas","C1",16400000,7.2148438480477
"e2","2","14dpi","S3","Com02","S3.02","meL92","Methylobacterium","C2",413000,5.6159500516564
"e2","2","14dpi","S3","Com02","S3.02","smfr1","Sphingomonas","C0",26600000,7.42488163663107
"e2","2","14dpi","S3","Com02","S3.02","spfa2","Sphingomonas","C1",10700000,7.02938377768521
"e2","3","14dpi","S3","Com02","S3.02","meL92","Methylobacterium","C2",1610000,6.20682587603185
"e2","3","14dpi","S3","Com02","S3.02","smfr1","Sphingomonas","C0",8040000,6.90525604874845
"e2","3","14dpi","S3","Com02","S3.02","spfa2","Sphingomonas","C1",10200000,7.00860017176192
"e2","4","14dpi","S3","Com02","S3.02","meL92","Methylobacterium","C2",2600000,6.41497334797082
"e2","4","14dpi","S3","Com02","S3.02","smfr1","Sphingomonas","C0",35400000,7.54900326202579
"e2","4","14dpi","S3","Com02","S3.02","spfa2","Sphingomonas","C1",15600000,7.19312459835446
"e2","1","14dpi","S3","Com03","S3.03","mr01","Methylobacterium","C2",4840000,6.68484536164441
"e2","1","14dpi","S3","Com03","S3.03","smfr1","Sphingomonas","C0",21300000,7.32837960343874
"e2","1","14dpi","S3","Com03","S3.03","spfa2","Sphingomonas","C1",11600000,7.06445798922692
"e2","2","14dpi","S3","Com03","S3.03","mr01","Methylobacterium","C2",3150000,6.4983105537896
"e2","2","14dpi","S3","Com03","S3.03","smfr1","Sphingomonas","C0",2e+07,7.30102999566398
"e2","2","14dpi","S3","Com03","S3.03","spfa2","Sphingomonas","C1",14300000,7.15533603746506
"e2","3","14dpi","S3","Com03","S3.03","mr01","Methylobacterium","C2",10400000,7.01703333929878
"e2","3","14dpi","S3","Com03","S3.03","smfr1","Sphingomonas","C0",18300000,7.26245108973043
"e2","3","14dpi","S3","Com03","S3.03","spfa2","Sphingomonas","C1",32200000,7.50785587169583
"e2","4","14dpi","S3","Com03","S3.03","mr01","Methylobacterium","C2",4920000,6.69196510276736
"e2","4","14dpi","S3","Com03","S3.03","smfr1","Sphingomonas","C0",20900000,7.32014628611105
"e2","4","14dpi","S3","Com03","S3.03","spfa2","Sphingomonas","C1",13500000,7.13033376849501
"e2","1","14dpi","S3","Com04","S3.04","meL85","Methylobacterium","C1",1350000,6.13033376849501
"e2","1","14dpi","S3","Com04","S3.04","meL92","Methylobacterium","C2",15000000,7.17609125905568
"e2","1","14dpi","S3","Com04","S3.04","smfr1","Sphingomonas","C0",22500000,7.35218251811136
"e2","2","14dpi","S3","Com04","S3.04","meL85","Methylobacterium","C1",391000,5.59217675739587
"e2","2","14dpi","S3","Com04","S3.04","meL92","Methylobacterium","C2",17700000,7.24797326636181
"e2","2","14dpi","S3","Com04","S3.04","smfr1","Sphingomonas","C0",15100000,7.17897694729317
"e2","3","14dpi","S3","Com04","S3.04","meL85","Methylobacterium","C1",479000,5.68033551341456
"e2","3","14dpi","S3","Com04","S3.04","meL92","Methylobacterium","C2",3950000,6.59659709562646
"e2","3","14dpi","S3","Com04","S3.04","smfr1","Sphingomonas","C0",31200000,7.49415459401844
"e2","4","14dpi","S3","Com04","S3.04","meL85","Methylobacterium","C1",2230000,6.34830486304816
"e2","4","14dpi","S3","Com04","S3.04","meL92","Methylobacterium","C2",15300000,7.1846914308176
"e2","4","14dpi","S3","Com04","S3.04","smfr1","Sphingomonas","C0",11100000,7.04532297878666
"e2","1","14dpi","S3","Com05","S3.05","meL85","Methylobacterium","C1",389000,5.58994960132571
"e2","1","14dpi","S3","Com05","S3.05","mr01","Methylobacterium","C2",18500000,7.26717172840301
"e2","1","14dpi","S3","Com05","S3.05","smfr1","Sphingomonas","C0",31100000,7.49276038902684
"e2","2","14dpi","S3","Com05","S3.05","meL85","Methylobacterium","C1",404000,5.6063813651106
"e2","2","14dpi","S3","Com05","S3.05","mr01","Methylobacterium","C2",2330000,6.36735592102602
"e2","2","14dpi","S3","Com05","S3.05","smfr1","Sphingomonas","C0",17200000,7.23552844690755
"e2","3","14dpi","S3","Com05","S3.05","meL85","Methylobacterium","C1",1350000,6.13033376849501
"e2","3","14dpi","S3","Com05","S3.05","mr01","Methylobacterium","C2",4890000,6.68930885912362
"e2","3","14dpi","S3","Com05","S3.05","smfr1","Sphingomonas","C0",28700000,7.45788189673399
"e2","4","14dpi","S3","Com05","S3.05","meL85","Methylobacterium","C1",2080000,6.31806333496276
"e2","4","14dpi","S3","Com05","S3.05","mr01","Methylobacterium","C2",5310000,6.72509452108147
"e2","4","14dpi","S3","Com05","S3.05","smfr1","Sphingomonas","C0",27700000,7.44247976906445
"e2","1","14dpi","S3","Com06","S3.06","meL92","Methylobacterium","C1",536000,5.72916478969277
"e2","1","14dpi","S3","Com06","S3.06","mr01","Methylobacterium","C2",769000,5.88592633980143
"e2","1","14dpi","S3","Com06","S3.06","smfr1","Sphingomonas","C0",24500000,7.38916608436453
"e2","2","14dpi","S3","Com06","S3.06","meL92","Methylobacterium","C1",881000,5.94497590841205
"e2","2","14dpi","S3","Com06","S3.06","mr01","Methylobacterium","C2",1930000,6.28555730900777
"e2","2","14dpi","S3","Com06","S3.06","smfr1","Sphingomonas","C0",17900000,7.25285303097989
"e2","3","14dpi","S3","Com06","S3.06","meL92","Methylobacterium","C1",1210000,6.08278537031645
"e2","3","14dpi","S3","Com06","S3.06","mr01","Methylobacterium","C2",1470000,6.16731733474818
"e2","3","14dpi","S3","Com06","S3.06","smfr1","Sphingomonas","C0",16200000,7.20951501454263
"e2","4","14dpi","S3","Com06","S3.06","meL92","Methylobacterium","C1",1250000,6.09691001300806
"e2","4","14dpi","S3","Com06","S3.06","mr01","Methylobacterium","C2",1560000,6.19312459835446
"e2","4","14dpi","S3","Com06","S3.06","smfr1","Sphingomonas","C0",13500000,7.13033376849501
"e2","1","14dpi","S3","Com07","S3.07","meL85","Methylobacterium","C0",12000,4.07918124604763
"e2","1","14dpi","S3","Com07","S3.07","meL92","Methylobacterium","C2",3010000,6.47856649559384
"e2","1","14dpi","S3","Com07","S3.07","spfa2","Sphingomonas","C1",10800000,7.03342375548695
"e2","2","14dpi","S3","Com07","S3.07","meL85","Methylobacterium","C0",8470,3.92788341033071
"e2","2","14dpi","S3","Com07","S3.07","meL92","Methylobacterium","C2",2370000,6.3747483460101
"e2","2","14dpi","S3","Com07","S3.07","spfa2","Sphingomonas","C1",14400000,7.15836249209525
"e2","3","14dpi","S3","Com07","S3.07","meL85","Methylobacterium","C0",9250,3.96614173273903
"e2","3","14dpi","S3","Com07","S3.07","meL92","Methylobacterium","C2",2220000,6.34635297445064
"e2","3","14dpi","S3","Com07","S3.07","spfa2","Sphingomonas","C1",10200000,7.00860017176192
"e2","4","14dpi","S3","Com07","S3.07","meL85","Methylobacterium","C0",12400,4.09342168516223
"e2","4","14dpi","S3","Com07","S3.07","meL92","Methylobacterium","C2",1120000,6.04921802267018
"e2","4","14dpi","S3","Com07","S3.07","spfa2","Sphingomonas","C1",14900000,7.17318626841227
"e2","1","14dpi","S3","Com08","S3.08","meL85","Methylobacterium","C0",12400,4.09342168516223
"e2","1","14dpi","S3","Com08","S3.08","mr01","Methylobacterium","C2",743000,5.87098881376058
"e2","1","14dpi","S3","Com08","S3.08","spfa2","Sphingomonas","C1",9900000,6.99563519459755
"e2","2","14dpi","S3","Com08","S3.08","meL85","Methylobacterium","C0",10800,4.03342375548695
"e2","2","14dpi","S3","Com08","S3.08","mr01","Methylobacterium","C2",4520000,6.65513843481138
"e2","2","14dpi","S3","Com08","S3.08","spfa2","Sphingomonas","C1",31200000,7.49415459401844
"e2","3","14dpi","S3","Com08","S3.08","meL85","Methylobacterium","C0",8740,3.9415114326344
"e2","3","14dpi","S3","Com08","S3.08","mr01","Methylobacterium","C2",699000,5.84447717574568
"e2","3","14dpi","S3","Com08","S3.08","spfa2","Sphingomonas","C1",15700000,7.19589965240923
"e2","4","14dpi","S3","Com08","S3.08","meL85","Methylobacterium","C0",6720,3.82736927305383
"e2","4","14dpi","S3","Com08","S3.08","mr01","Methylobacterium","C2",2620000,6.41830129131975
"e2","4","14dpi","S3","Com08","S3.08","spfa2","Sphingomonas","C1",13400000,7.12710479836481
"e2","1","14dpi","S3","Com09","S3.09","meL92","Methylobacterium","C0",638000,5.80482067872116
"e2","1","14dpi","S3","Com09","S3.09","mr01","Methylobacterium","C2",1930000,6.28555730900777
"e2","1","14dpi","S3","Com09","S3.09","spfa2","Sphingomonas","C1",10400000,7.01703333929878
"e2","2","14dpi","S3","Com09","S3.09","meL92","Methylobacterium","C0",420000,5.6232492903979
"e2","2","14dpi","S3","Com09","S3.09","mr01","Methylobacterium","C2",2310000,6.36361197989214
"e2","2","14dpi","S3","Com09","S3.09","spfa2","Sphingomonas","C1",14700000,7.16731733474818
"e2","3","14dpi","S3","Com09","S3.09","meL92","Methylobacterium","C0",1120000,6.04921802267018
"e2","3","14dpi","S3","Com09","S3.09","mr01","Methylobacterium","C2",1730000,6.2380461031288
"e2","3","14dpi","S3","Com09","S3.09","spfa2","Sphingomonas","C1",18200000,7.26007138798508
"e2","4","14dpi","S3","Com09","S3.09","meL92","Methylobacterium","C0",481000,5.68214507637383
"e2","4","14dpi","S3","Com09","S3.09","mr01","Methylobacterium","C2",3370000,6.52762990087134
"e2","4","14dpi","S3","Com09","S3.09","spfa2","Sphingomonas","C1",13500000,7.13033376849501
"e2","1","14dpi","S3","Com10","S3.10","meL85","Methylobacterium","C0",137000,5.13672056715641
"e2","1","14dpi","S3","Com10","S3.10","meL92","Methylobacterium","C1",683000,5.83442070368153
"e2","1","14dpi","S3","Com10","S3.10","mr01","Methylobacterium","C2",1140000,6.05690485133647
"e2","2","14dpi","S3","Com10","S3.10","meL85","Methylobacterium","C0",38600,4.58658730467176
"e2","2","14dpi","S3","Com10","S3.10","meL92","Methylobacterium","C1",476000,5.67760695272049
"e2","2","14dpi","S3","Com10","S3.10","mr01","Methylobacterium","C2",772000,5.88761730033574
"e2","3","14dpi","S3","Com10","S3.10","meL85","Methylobacterium","C0",104000,5.01703333929878
"e2","3","14dpi","S3","Com10","S3.10","meL92","Methylobacterium","C1",378000,5.57749179983723
"e2","3","14dpi","S3","Com10","S3.10","mr01","Methylobacterium","C2",1790000,6.25285303097989
"e2","4","14dpi","S3","Com10","S3.10","meL85","Methylobacterium","C0",51300,4.71011736511182
"e2","4","14dpi","S3","Com10","S3.10","meL92","Methylobacterium","C1",513000,5.71011736511182
"e2","4","14dpi","S3","Com10","S3.10","mr01","Methylobacterium","C2",1030000,6.01283722470517
